overlap_count	p-value	mean	variance	standard_deviation	z-score
2366	0.064334067051685303595	2311.5139530671555808	1261.7667427909587934	35.521356150785667792	1.5338954600031307359
