overlap_count	p-value	mean	variance	standard_deviation	z-score
21	0.7702164293067374	23.115139530705182	12.4289514170547	3.525471800632463	-0.5999592821379908

