overlap_count	p-value	mean	variance	standard_deviation	z-score
87	0.80079306471314626314	92.46055812268625032	49.74907328012530145	7.053302296096864545	-0.7741846150147283125
