chr_name	begin	end	overlap_count	p-value	p-value_adjusted	mean	variance	standard_deviation	z-score
chr1	0	1000000	198	1.7521878657446071468e-17	3.5043757314892142937e-17	104.14006089883398894	99.39908449008611795	9.9699089509426372675
chr2	0	1000000	160	0.24109578200523132385	0.4821915640104626477	151.39287557085539959	135.18251769060096894	11.626801696537228244
