chr_name	begin	end	overlap_count	p-value	p-value_adjusted	mean	variance	standard_deviation	z-score
chr1	0	1000000	163	0.03494317149146077689	0.06988634298292155378	141.63918476838340968	128.77571564518816216	11.347938828051029028
chr2	0	1000000	161	0.26225807817467605698	0.52451615634935211396	153.1774159913285167	135.05217982611475824	11.621195283881721185
