chr_name	begin	end	overlap_count	p-value	p-value_adjusted	mean	variance	standard_deviation	z-score
chr1	0	800000	172	1.1161902063538095241e-06	4.4647608254152380963e-06	119.827514651506535054	107.766610710043425785	10.381069824928615024
chr1	80000	880000	170	9.9337886684839163295e-06	3.9735154673935665318e-05	122.537871632946166536	110.63338279342131484	10.518240479919695905
chr1	160000	960000	171	1.0316738908566778487e-05	4.126695563426711395e-05	123.429396552290943145	111.62078887697864732	10.565074011902550194
chr1	240000	1000000	165	1.807411309169161896e-06	7.229645236676647584e-06	114.75213560949199221	104.09525809212129927	10.202708370433867266
