overlap_count	p-value	mean	variance	standard_deviation	z-score
442	0.9061515366263766	462.3027906140136	249.5942049718733	15.798550723780751	-1.2851046256700518

