chr_name	begin	end	overlap_count	p-value	p-value_adjusted	mean	variance	standard_deviation	z-score
chr1	0	1000000	234	1.6352707189285153822e-26	3.2705414378570307643e-26	110.476944430475254894	105.202317940136634525	10.256818119677107472
chr2	0	1000000	167	0.13449813359271894919	0.26899626718543789838	153.48523234412902541	138.06710638340348937	11.750196014680073811
