overlap_count	p-value	mean	variance	standard_deviation	z-score
46	0.5571995704990465592	46.230279061343128068	24.857892058535266783	4.9857689535853210033	-0.046187270907836969726
