chr_name	begin	end	overlap_count	p-value	p-value_adjusted	mean	variance	standard_deviation	z-score
chr1	0	1000000	168	0.07719777984719645991	0.15439555969439291983	150.63867231206718537	137.97524350655617616	11.746286370872973747
chr2	0	1000000	158	0.29918190163957975036	0.5983638032791595007	151.46405262792249331	135.2782814342332617	11.630919199884128749
