chr_name	begin	end	overlap_count	p-value	p-value_adjusted	mean	variance	standard_deviation	z-score
chr1	0	1000000	152	0.14544196374514042902	0.29088392749028085804	139.52172996598226706	128.33071112024971702	11.328314575445445187
chr2	0	1000000	175	0.4200392278152309533	0.8400784556304619066	172.12700263288819008	152.26847935194714648	12.3397114776621558765
