overlap_count	p-value	mean	variance	standard_deviation	z-score
24	0.455200331333375	23.11513953070714	12.428946020241918	3.525471035229465	0.2509907074687586

