overlap_count	p-value	mean	variance	standard_deviation	z-score
226	0.6935160130822652	231.15121417286838	124.36699107982396	11.151994937221948	-0.46190965848407994

