chr_name	begin	end	overlap_count	p-value	p-value_adjusted	mean	variance	standard_deviation	z-score
chr1	0	1000000	167	9.05246949814377994e-09	1.810493899628755988e-08	105.56124874411719637	101.29742603691778781	10.06466224157163596
chr2	0	1000000	188	0.07435254606365636343	0.14870509212731272686	169.68348950310948198	150.01181614276507305	12.247931096424615053
