overlap_count	p-value	mean	variance	standard_deviation	z-score
24	0.455200331333363	23.115139530706536	12.428946020241591	3.525471035229419	0.2509907074689332

