overlap_count	p-value	mean	variance	standard_deviation	z-score
2302	0.6108333924094663	2311.513952637268	1262.4931836691196	35.53158008967684	-0.26776047148075777

