overlap_count	p-value	mean	variance	standard_deviation	z-score
91	0.6088408635967903493	92.46055812268625765	49.71578408089284234	7.0509420704536243086	-0.20714368492780599989
