overlap_count	p-value	mean	variance	standard_deviation	z-score
248	0.0714299276824583	231.15139530707205	124.32382786134833	11.150059545192946	1.511077552961749

