overlap_count	p-value	mean	variance	standard_deviation	z-score
101	0.1271834927956227	92.46055812282874	49.71580606630144	7.0509436294939585	1.2111062470349272

