overlap_count	p-value	mean	variance	standard_deviation	z-score
37	0.9752101077349640823	46.230279061343127013	24.857892040446406736	4.985768951771271835	-1.8513250715446665567
