overlap_count	p-value	mean	variance	standard_deviation	z-score
474	0.23890246316389094	462.3027906141453	249.08698714642912	15.782489890585362	0.7411510773615242

