chr_name	begin	end	overlap_count	p-value	p-value_adjusted	mean	variance	standard_deviation	z-score
chr1	0	1000000	195	4.9580391840303090492e-15	9.9160783680606180984e-15	108.3211247501448519	102.635528293005188316	10.130919419924589861
chr2	0	1000000	164	0.5483273821346605903	1	165.08832304642115013	145.99139469334161746	12.082689878224203494
