overlap_count	p-value	mean	variance	standard_deviation	z-score
935	0.32895255499238668095	924.6055812268624896	500.28538197414338304	22.36706019963605729	0.46471993549275831184
