chr_name	begin	end	overlap_count	p-value	p-value_adjusted	mean	variance	standard_deviation	z-score
chr1	0	1000000	201	1.0698295820659363351e-14	2.1396591641318726702e-14	114.05213244764647949	106.942342653089833227	10.341293084188738591
chr2	0	1000000	162	0.5337565618245853072	1	162.6342212306807293	143.09857665565182097	11.962381730059103116
