overlap_count	p-value	mean	variance	standard_deviation	z-score
427	0.9884789606923197	462.30279061414456	249.066119001989	15.781828759747363	-2.236926477379272

