overlap_count	p-value	mean	variance	standard_deviation	z-score
460	0.570129579192216962	462.30279061343127173	249.35043475317403779	15.79083388403456158	-0.14583084277515736941
