overlap_count	p-value	mean	variance	standard_deviation	z-score
935	0.32892039835437569817	924.6055812268624586	500.0836974709839525	22.36255122902983877	0.46481363716873576027
