overlap_count	p-value	mean	variance	standard_deviation	z-score
40	0.9119622764186989805	46.230279061343127013	24.857892040446406736	4.985768951771271835	-1.2496124713379916328
