chr_name	begin	end	overlap_count	p-value	p-value_adjusted	mean	variance	standard_deviation	z-score
chr1	0	600000	121	0.0046222728278116406025	0.03697818262249312482	95.60945524065891192	86.33818097762696893	9.2918341019212654115
chr1	60000	660000	128	0.0008931703547094687083	0.0071453628376757496662	97.148784573692771024	87.90601479664460703	9.375820753227133183
chr1	120000	720000	128	0.00062451554012651856393	0.0049961243210121485114	96.293601610896175896	86.807778639592783065	9.317069208693943316
chr1	180000	780000	130	0.00022324453936384107151	0.0017859563149107285721	95.51462100165936882	86.32196273867343592	9.290961346312524398
chr1	240000	840000	138	8.181052651608858916e-06	6.544842121287087133e-05	95.34358440910005213	86.399732278015096636	9.295145629736798085
chr1	300000	900000	126	0.00019735800431528184563	0.001578864034522254765	91.92285255791367795	82.5772022887409621	9.087199914645928053
chr1	360000	960000	125	0.00041674024005347560335	0.0033339219204278048268	92.77803552071027698	83.358663623670996495	9.130096583479881046
chr1	420000	1000000	123	0.00043676084948729947252	0.0034940867958983957801	91.15918060672340955	81.97461610261670597	9.053983438388691131
