overlap_count	p-value	mean	variance	standard_deviation	z-score
1	0.9979798769458815	4.623027906140747	2.4857892040480176	1.576638577495812	-2.2979444736759085

