chr_name	begin	end	overlap_count	p-value	p-value_adjusted	mean	variance	standard_deviation	z-score
chr1	0	1000000	185	1.464808420129693996e-11	2.929616840259387992e-11	110.989003197533602905	104.11178243863764824	10.203518140261115262
chr2	0	1000000	160	0.63997305381958424775	1	163.93333168358287144	145.68104009223441467	12.069840102181735807
