overlap_count	p-value	mean	variance	standard_deviation	z-score
234	0.4161809096859964141	231.15139530671563489	124.33252755656491525	11.1504496571467876945	0.25546993895968811374
