overlap_count	p-value	mean	variance	standard_deviation	z-score
9243	0.51946419700946699916	9246.055812268611647	5266.016407154314721	72.56732327400752847	-0.042110031495487045403
