overlap_count	p-value	mean	variance	standard_deviation	z-score
235	0.38159467297534971353	231.15139530671562786	124.3299020976771261	11.150331927690633824	0.3451560651505612969
