overlap_count	p-value	mean	variance	standard_deviation	z-score
22	0.6753211918722901	23.115139530706777	12.428946020241726	3.525471035229438	-0.31630937243942037

