overlap_count	p-value	mean	variance	standard_deviation	z-score
74	0.9966022229565324464	92.460558122686255955	49.75042191946288075	7.0533978988472556433	-2.6172574392412038314
