chr_name	begin	end	overlap_count	p-value	p-value_adjusted	mean	variance	standard_deviation	z-score
chr1	0	1000000	179	0.066335509074688631115	0.13267101814937726223	160.45585098677905378	141.63455227500897984	11.901031563482595009
chr2	0	1000000	151	0.68994701722126583476	1	156.44774264759677031	139.44253298474755101	11.808578787675828985
