chr_name	begin	end	overlap_count	p-value	p-value_adjusted	mean	variance	standard_deviation	z-score
chr1	0	1000000	145	0.7674598570861560498	1	153.10724738438741818	136.94928339088997046	11.702533204007155068
chr2	0	1000000	149	0.8482868741608927676	1	160.84309696288260888	144.06281660429673105	12.002617073134372517
