overlap_count	p-value	mean	variance	standard_deviation	z-score
2344	0.18374015124433532	2311.5139530707247	1259.9040452114227	35.495127062900096	0.915225542697946

