overlap_count	p-value	mean	variance	standard_deviation	z-score
2347	0.16228458211967342	2311.513953070729	1261.323313792256	35.51511387835123	0.9991815611466264

