overlap_count	p-value	mean	variance	standard_deviation	z-score
255	0.018312909456096645305	231.15139530671562894	124.50160582292919357	11.158028760624754438	2.1373492760157621797
