chr_name	begin	end	overlap_count	p-value	p-value_adjusted	mean	variance	standard_deviation	z-score
chr1	0	1000000	201	8.130504751361231324e-17	1.6261009502722462647e-16	108.02611861519897806	102.715026094839871215	10.134842184012530109
chr2	0	1000000	163	0.30286229167427369813	0.60572458334854739626	156.51327894510368081	138.61943600411573077	11.773675552015000671
