overlap_count	p-value	mean	variance	standard_deviation	z-score
51	0.19575918194763023	46.23027906141439	24.85789207060753	4.985768954795994	0.9566670621584736

