chr_name	begin	end	overlap_count	p-value	p-value_adjusted	mean	variance	standard_deviation	z-score
chr1	0	1000000	176	0.00080736937190443319474	0.0016147387438088663895	138.93271430453515769	126.31204061227152351	11.238862959048460766
chr2	0	1000000	158	0.89290805232302483674	1	172.81859737738091087	153.4740034415276614	12.388462513222843885
