overlap_count	p-value	mean	variance	standard_deviation	z-score
18	0.9454861728113363	23.115139530706312	12.428946020246658	3.5254710352301375	-1.450909532255568

