chr_name	begin	end	overlap_count	p-value	p-value_adjusted	mean	variance	standard_deviation	z-score
chr1	0	1000000	164	0.030025671369068161753	0.060051342738136323507	141.67898586231310859	130.58654099470786311	11.4274468274723493945
chr2	0	1000000	157	0.73525696759476399933	1	164.17790439965610035	146.1866299057888757	12.090766307632815864
