chr_name	begin	end	overlap_count	p-value	p-value_adjusted	mean	variance	standard_deviation	z-score
chr1	0	1000000	174	0.001181995291272671918	0.002363990582545343836	138.16476516215517847	127.0514916215462162	11.271712009342068716
chr2	0	1000000	139	0.93241874233285670925	1	156.01163075881559963	139.93316101800979678	11.82933476650355841
