overlap_count	p-value	mean	variance	standard_deviation	z-score
7	0.11697191671557342	4.6230279061394715	2.4857892040473324	1.5766385774955947	1.5076201532733142

