overlap_count	p-value	mean	variance	standard_deviation	z-score
6	0.2883398325014755	4.623027906141423	2.4857892040483813	1.5766385774959273	0.8733593821137705

