overlap_count	p-value	mean	variance	standard_deviation	z-score
19	0.9054503815996114	23.115139530707154	12.428946020242334	3.525471035229524	-1.1672594923019244

