chr_name	begin	end	overlap_count	p-value	p-value_adjusted	mean	variance	standard_deviation	z-score
chr1	0	1000000	179	2.585951061768729197e-09	5.171902123537458394e-09	113.75716234418788023	106.795512310237353915	10.334191420243644486
chr2	0	1000000	150	0.7848696931205518812	1	158.97142479609197546	142.75383072175298475	11.947963454989012677
