overlap_count	p-value	mean	variance	standard_deviation	z-score
2293	0.7036804762704802485	2311.513953067155658	1261.7630382482561419	35.521304005459261036	-0.52120702168789335106
