overlap_count	p-value	mean	variance	standard_deviation	z-score
9275	0.34759207173839629101	9246.055812268611422	5274.089539285103046	72.622927091140460625	0.39855440823893183538
