chr_name	begin	end	overlap_count	p-value	p-value_adjusted	mean	variance	standard_deviation	z-score
chr1	0	1000000	173	0.026599521271152785223	0.053199042542305570447	149.65485840069092041	135.45071984271663112	11.638329770319993434
chr2	0	1000000	188	0.2820821473919853939	0.5641642947839707878	180.28700743802435479	160.03613714260172832	12.650539006010839866
