overlap_count	p-value	mean	variance	standard_deviation	z-score
474	0.23898908290401902	462.3027906141453	249.2835017122225	15.788714378068358	0.7408588885554201

