chr_name	begin	end	overlap_count	p-value	p-value_adjusted	mean	variance	standard_deviation	z-score
chr1	0	1000000	159	0.17657097168782229235	0.3531419433756445847	147.7916751249807093	133.48254689240710477	11.553464713773401436
chr2	0	1000000	152	0.8813861223425292213	1	165.73852159598165318	146.16161817370763112	12.0897319314246017375
