chr_name	begin	end	overlap_count	p-value	p-value_adjusted	mean	variance	standard_deviation	z-score
chr1	0	1000000	152	0.45002247062294487012	0.90004494124588974024	150.16431735544597531	135.67505935025217859	11.647963742657004793
chr2	0	1000000	153	0.56730232397152913215	1	154.60225148862634485	136.7604104958045346	11.694460675713289797
