overlap_count	p-value	mean	variance	standard_deviation	z-score
18	0.94548617280996094525	23.11513953067156288	12.428946020223202042	3.5254710352268109426	-1.4509095322470804874
