overlap_count	p-value	mean	variance	standard_deviation	z-score
20	0.84747634697406204474	23.11513953067156288	12.428946020223202042	3.5254710352268109426	-0.88360945233837400896
