overlap_count	p-value	mean	variance	standard_deviation	z-score
45	0.63478537504982257555	46.23027906134312842	24.85789388154446261	4.985769136406584822	-0.24675812852213867769
