overlap_count	p-value	mean	variance	standard_deviation	z-score
459	0.5948683751627623	462.30279061414535	249.2724967955184	15.78836586843358	-0.2091914161141132

