chr_name	begin	end	overlap_count	p-value	p-value_adjusted	mean	variance	standard_deviation	z-score
chr1	0	1000000	170	0.06129565581660268575	0.1225913116332053715	151.22813025117529684	137.37414219106315129	11.720671575940653039
chr2	0	1000000	153	0.66960500181777848905	1	157.8117021768317177	140.97937649304682937	11.873473648981027211
