overlap_count	p-value	mean	variance	standard_deviation	z-score
436	0.9554081372732243782	462.30279061343125174	249.18178190231065525	15.78549276716791807	-1.6662635117820428057
