overlap_count	p-value	mean	variance	standard_deviation	z-score
9288	0.28392265758595869318	9246.055812268611275	5266.240461763382118	72.56886702824691419	0.57799149206866146816
