overlap_count	p-value	mean	variance	standard_deviation	z-score
474	0.23890246316318025643	462.302790613431264	249.0869871460527663	15.782489890573437852	0.7411510774073261204
