chr_name	begin	end	overlap_count	p-value	p-value_adjusted	mean	variance	standard_deviation	z-score
chr1	0	800000	159	0.0004031888309730884243	0.0016127553238923536972	122.266238687907810974	109.214192615086891844	10.450559440292509615
chr1	80000	880000	158	0.00012990638934610505189	0.00051962555738442020754	118.45887417068995419	105.85706756782007898	10.288686386892161414
chr1	160000	960000	162	6.0904467596350655545e-05	0.00024361787038540262218	120.03524345982233867	107.46438700786677428	10.366503123419525323
chr1	240000	1000000	155	4.8442803987430844927e-05	0.0001937712159497233797	113.50339451507026207	101.71247696680194858	10.085260381705667622
