overlap_count	p-value	mean	variance	standard_deviation	z-score
2370	0.05110993222676295	2311.513953070726	1258.189368759086	35.47096515122031	1.6488428403325197

