overlap_count	p-value	mean	variance	standard_deviation	z-score
102	0.10007202506541653	92.4605581228286	49.72200213443145	7.051382994450908	1.3528469357966333

