overlap_count	p-value	mean	variance	standard_deviation	z-score
6	0.2883398325014481	4.623027906140985	2.485789204048146	1.5766385774958527	0.8733593821140896

