overlap_count	p-value	mean	variance	standard_deviation	z-score
255	0.01831290945616023	231.15139530707282	124.50160582311734	11.158028760633186	2.1373492759821353

