overlap_count	p-value	mean	variance	standard_deviation	z-score
5	0.5275182721384434892	4.623027906134312735	2.4857892079094183492	1.5766385787203795139	0.23909861077460298209
