overlap_count	p-value	mean	variance	standard_deviation	z-score
7	0.11697191671542463143	4.6230279061343131555	2.4857892040446409325	1.576638577494741162	1.5076201532774020777
