chr_name	begin	end	overlap_count	p-value	p-value_adjusted	mean	variance	standard_deviation	z-score
chr1	0	600000	123	0.00036645469122893525394	0.0029316375298314820315	90.860690477166416126	81.10513023249310495	9.005838674576238763
chr1	60000	660000	125	0.00011203836976736204778	0.0008963069581388963822	90.00261538944123023	80.09286084734927782	8.949461483650805557
chr1	120000	720000	126	7.982467331955076309e-05	0.0006385973865564061047	90.174230406986260494	80.083823259980239435	8.948956545876186086
chr1	180000	780000	123	0.00027830563207086842252	0.0022264450565669473801	90.34584542453130131	80.05452779222360095	8.947319587017309675
chr1	240000	840000	121	0.00020568853467258044762	0.001645508277380643581	87.93275690086003131	78.147255622338142086	8.840093643301418223
chr1	300000	900000	128	1.2910344163363930337e-05	0.000103282753306911442696	88.286465213990863984	78.53544683240580431	8.862022728046109243
chr1	360000	960000	130	8.642446888203383074e-06	6.9139575105627064594e-05	89.093361694843757226	79.73800768874637557	8.929614083976214902
chr1	420000	1000000	128	1.099768106606358369e-05	8.798144852850866952e-05	87.77162016135575662	79.038983827959112254	8.890387158496479801
