chr_name	begin	end	overlap_count	p-value	p-value_adjusted	mean	variance	standard_deviation	z-score
chr1	0	1000000	192	1.5300615589854934902e-09	3.0601231179709869804e-09	123.57349820642695969	114.77616863293640938	10.713364020368971359
chr2	0	1000000	160	0.638163448518670795	1	163.89483612601501417	146.83942004641118058	12.1177316378277325085
