overlap_count	p-value	mean	variance	standard_deviation	z-score
9234	0.5685519116084942759	9246.055812268611332	5274.991088390199582	72.62913388159189374	-0.16599140901591997797
