overlap_count	p-value	mean	variance	standard_deviation	z-score
461	0.5451354964671588643	462.30279061343125924	249.29139366888607503	15.788964300070035786	-0.08251273412692942707
