chr_name	begin	end	overlap_count	p-value	p-value_adjusted	mean	variance	standard_deviation	z-score
chr1	0	600000	155	9.3446931466173798075e-09	7.475754517293903846e-08	98.37169382336217703	87.701812744514602675	9.364924598976470279
chr1	60000	660000	149	6.35897954392052574e-08	5.087183635136420592e-07	96.41215829462270092	86.10545171940124189	9.279302329345738151
chr1	120000	720000	136	5.9138954203629656275e-06	4.731116336290372502e-05	93.46699299467717459	83.1347698817516989	9.117827037279863805
chr1	180000	780000	136	7.2520656889749311464e-06	5.801652551179944917e-05	93.82877368231880405	83.50190347567256471	9.137937594209787812
chr1	240000	840000	135	1.34979879501667891485e-05	0.00010798390360133431319	94.17822907778369252	83.72914823766237466	9.15036328446375809
chr1	300000	900000	131	9.107781296770817625e-05	0.00072862250374166541	94.70241217098097979	83.967400711743485395	9.163372780354594163
chr1	360000	960000	123	0.00082283194061146057007	0.0065826555248916845606	92.95513519365660825	82.059092532920469766	9.058647389810493654
chr1	420000	1000000	126	7.683033615344848238e-05	0.00061464268922758785903	90.15949202993761091	79.78591787548173321	8.9322963383153457274
