chr_name	begin	end	overlap_count	p-value	p-value_adjusted	mean	variance	standard_deviation	z-score
chr1	0	1000000	143	0.95241436850452210194	1	162.31657643782751094	144.31384092295852738	12.01306958786797869
chr2	0	1000000	147	0.7888025855874082337	1	155.9677562606654774	137.99220045863948024	11.747008149253982715
