chr_name	begin	end	overlap_count	p-value	p-value_adjusted	mean	variance	standard_deviation	z-score
chr1	0	1000000	179	0.08279910957984645825	0.1655982191596929165	161.84209761048099503	142.47230524615429484	11.936176324357574387
chr2	0	1000000	170	0.11027016935395506092	0.22054033870791012184	155.09592007470662298	137.10841206562606882	11.709330128817193308
