chr_name	begin	end	overlap_count	p-value	p-value_adjusted	mean	variance	standard_deviation	z-score
chr1	0	1000000	162	0.00874658931382306902	0.01749317862764613804	134.46044536207221728	123.738364051669744836	11.123774721364584738
chr2	0	1000000	158	0.53776445808289852213	1	158.74683624345075357	140.65116446098781927	11.859644364861360347
