overlap_count	p-value	mean	variance	standard_deviation	z-score
39	0.9401179104435636	46.23027906141386	24.86286074525425	4.986267215588656	-1.4500384252993321

