overlap_count	p-value	mean	variance	standard_deviation	z-score
920	0.5900843489372067	924.6055812282912	500.0788290685161	22.362442377086545	-0.2059516197126223

