chr_name	begin	end	overlap_count	p-value	p-value_adjusted	mean	variance	standard_deviation	z-score
chr1	0	1000000	194	9.706245376952169491e-14	1.9412490753904338982e-13	111.13864080296606605	105.084296840379559625	10.25106320536458109
chr2	0	1000000	151	0.481396045603727063	0.962792091207454126	150.08589289487737548	134.34943988980327918	11.590920579910953698
