chr_name	begin	end	overlap_count	p-value	p-value_adjusted	mean	variance	standard_deviation	z-score
chr1	0	1000000	208	8.997141668250386772e-14	1.7994283336500773544e-13	121.491629718044471316	115.09584211315387584	10.728273025662325856
chr2	0	1000000	159	0.40064262479089973734	0.8012852495817994747	155.64456091304370827	139.65462513186595994	11.817555801935777614
