overlap_count	p-value	mean	variance	standard_deviation	z-score
81	0.9555159215013377	92.46055812282823	49.72615885349146	7.051677733241322	-1.6252243163075402

