overlap_count	p-value	mean	variance	standard_deviation	z-score
19	0.905450381598210563	23.115139530671564141	12.428946020223562691	3.5254710352268620916	-1.1672594922927106709
