overlap_count	p-value	mean	variance	standard_deviation	z-score
2323	0.3784382647943171	2311.5139530680212	1261.9226938230304	35.5235512557941	0.3233361115636017

