overlap_count	p-value	mean	variance	standard_deviation	z-score
4652	0.2865017354548513584	4623.0279061343092146	2553.3681285716309162	50.53086312909795247	0.5733544228538488121
