overlap_count	p-value	mean	variance	standard_deviation	z-score
2345	0.17656453559736035	2311.5139530707256	1262.1342969946365	35.52652948142608	0.9425645403044927

