chr_name	begin	end	overlap_count	p-value	p-value_adjusted	mean	variance	standard_deviation	z-score
chr1	0	1000000	154	0.38070028094218461012	0.76140056188436922024	150.07370913639770789	136.33120176243843778	11.676095313178906976
chr2	0	1000000	147	0.8843791427176015407	1	160.67606632507587633	141.3133685491027296	11.887529959966566982
