overlap_count	p-value	mean	variance	standard_deviation	z-score
230	0.5584031369119712984	231.15139530671564079	124.41590606622213907	11.154187826382615611	-0.103225382666794008776
