overlap_count	p-value	mean	variance	standard_deviation	z-score
19	0.905431545529931	23.115139530706745	12.431015552689267	3.525764534493089	-1.16716232478026

