overlap_count	p-value	mean	variance	standard_deviation	z-score
12	0.15608700371856404	9.246055812282384	4.971578408096513	2.2297036592553083	1.2351166830113187

