overlap_count	p-value	mean	variance	standard_deviation	z-score
93	0.4970568488704077	92.46055812282852	49.76646624913567	7.0545351547168345	0.07646738804764477

