chr_name	begin	end	overlap_count	p-value	p-value_adjusted	mean	variance	standard_deviation	z-score
chr1	0	1000000	176	9.893370074179244903e-13	1.9786740148358489807e-12	100.18885562008599608	95.49154103194276392	9.771977334805006798
chr2	0	1000000	186	0.18698079136393544464	0.37396158272787088928	174.49470900796508596	153.94864060847568153	12.407604144575038848
