overlap_count	p-value	mean	variance	standard_deviation	z-score
887	0.9560143479047558	924.6055812282899	499.5057456894981	22.349625180067296	-1.6826045593743901

