overlap_count	p-value	mean	variance	standard_deviation	z-score
2277	0.8378304413844758214	2311.513953067155589	1262.081013905606783	35.525779567880094348	-0.9715185278681589419
