overlap_count	p-value	mean	variance	standard_deviation	z-score
223	0.7808220093027819	231.15139530707214	124.46151854038176	11.156232273504427	-0.730658443391444

