overlap_count	p-value	mean	variance	standard_deviation	z-score
450	0.79125728493589131407	462.3027906134312406	249.1561571525069581	15.784681091251319864	-0.7794133148657706109
