overlap_count	p-value	mean	variance	standard_deviation	z-score
9312	0.18385403937344235725	9246.055812268611321	5278.887064369305028	72.655949958481067456	0.90762267603784966684
