overlap_count	p-value	mean	variance	standard_deviation	z-score
24	0.4552003313333715	23.115139530706955	12.428946020241824	3.525471035229452	0.25099070746881197

