overlap_count	p-value	mean	variance	standard_deviation	z-score
78	0.983467182682806	92.46055812282856	49.716046775349874	7.050960698752325	-2.0508635263542696

