overlap_count	p-value	mean	variance	standard_deviation	z-score
11	0.2861751045966775	9.246055812281634	4.971578408096113	2.229703659255219	0.786626590685253

