overlap_count	p-value	mean	variance	standard_deviation	z-score
55	0.04879543372188847	46.23027906141427	24.858698365822164	4.985849813805282	1.7589220024845742

