overlap_count	p-value	mean	variance	standard_deviation	z-score
9263	0.41029906638571200794	9246.055812268611053	5266.5014330664636995	72.57066510006962654	0.23348535814056760372
