overlap_count	p-value	mean	variance	standard_deviation	z-score
5	0.527518272139178	4.623027906140525	2.485789207912676	1.5766385787214126	0.23909861077050623

