chr_name	begin	end	overlap_count	p-value	p-value_adjusted	mean	variance	standard_deviation	z-score
chr1	0	1000000	157	0.06300384452342880359	0.12600768904685760718	139.20035589678924977	125.37576590138324739	11.197132039115339797
chr2	0	1000000	144	0.9351308259991004679	1	161.6031323577071449	145.46872590593444236	12.0610416592404837925
