chr_name	begin	end	overlap_count	p-value	p-value_adjusted	mean	variance	standard_deviation	z-score
chr1	0	1000000	162	0.004204977430728457609	0.008409954861456915218	131.73595243490551558	121.06386498801145741	11.002902571049670864
chr2	0	1000000	153	0.8125766229456325984	1	163.1253053742828727	142.68674218201133952	11.945155594717522955
