overlap_count	p-value	mean	variance	standard_deviation	z-score
44	0.7072987435481924434	46.230279061343128286	24.857892040668936467	4.9857689517935883253	-0.4473290043937563947
