overlap_count	p-value	mean	variance	standard_deviation	z-score
452	0.75285948162327109845	462.30279061343125538	249.45493496003611196	15.794142425596779199	-0.65231719050057673825
