chr_name	begin	end	overlap_count	p-value	p-value_adjusted	mean	variance	standard_deviation	z-score
chr1	0	800000	181	6.362873059839080803e-05	0.00025451492239356323212	136.58459102342747095	121.9196749841671486	11.041724275862314277
chr1	80000	880000	179	6.831951509273365131e-05	0.00027327806037093460524	135.07499659644665539	120.3263802473380882	10.969338186387458088
chr1	160000	960000	191	1.5580568133366597001e-06	6.2322272533466388004e-06	136.68421830933177229	121.606273135277557995	11.02752343616995257
chr1	240000	1000000	182	4.6454966221246066555e-06	1.8581986488498426622e-05	131.3201459330480679	117.28132363668073657	10.829650208417663227
