chr_name	begin	end	overlap_count	p-value	p-value_adjusted	mean	variance	standard_deviation	z-score
chr1	0	1000000	193	5.7227140159959561453e-17	1.1445428031991912291e-16	101.77327015366228825	97.12248509441003964	9.855074078585611507
chr2	0	1000000	157	0.59110864164757348505	1	159.340673339735898	139.93881508078561758	11.829573748905140394
