overlap_count	p-value	mean	variance	standard_deviation	z-score
4655	0.26693866763757850835	4623.027906134309308	2560.6594486023910004	50.60295889177223795	0.6318226160266920332
