overlap_count	p-value	mean	variance	standard_deviation	z-score
442	0.90615153662621250596	462.30279061343125963	249.59420497150627888	15.798550723769135618	-1.2851046256341370286
