chr_name	begin	end	overlap_count	p-value	p-value_adjusted	mean	variance	standard_deviation	z-score
chr1	0	1000000	181	1.1705936224313242233e-07	2.3411872448626484466e-07	121.895529850766828124	114.048128274598027675	10.679331827160256737
chr2	0	1000000	166	0.54768746807521317965	1	167.07140502570677489	146.74599345351029776	12.113876070585760197
