chr_name	begin	end	overlap_count	p-value	p-value_adjusted	mean	variance	standard_deviation	z-score
chr1	0	1000000	202	8.3797424482917742323e-10	1.6759484896583548465e-09	130.3864181250025727	121.819927984695350394	11.037206529946576586
chr2	0	1000000	157	0.44789108768496221913	0.89578217536992443826	155.08699192558207332	137.20238440953383602	11.713342153695239685
