chr_name	begin	end	overlap_count	p-value	p-value_adjusted	mean	variance	standard_deviation	z-score
chr1	0	1000000	157	0.0042655923797680159876	0.008531184759536031975	127.25572268554569611	117.159637496317168955	10.824030556882088225
chr2	0	1000000	182	0.053337907375880865002	0.106675814751761730004	161.99498576376943577	143.31707479308926331	11.971510965333042008
