chr_name	begin	end	overlap_count	p-value	p-value_adjusted	mean	variance	standard_deviation	z-score
chr1	0	1000000	191	1.2899507591340415152e-07	2.5799015182680830303e-07	130.95108653819250391	119.66885808691332793	10.939326217227152785
chr2	0	1000000	132	0.9618353586779799791	1	151.75334155961912518	134.13041924626426325	11.581468786223285559
