overlap_count	p-value	mean	variance	standard_deviation	z-score
11	0.28617510459667295	9.24605581228149	4.971578408096035	2.2297036592552013	0.7866265906853237

