overlap_count	p-value	mean	variance	standard_deviation	z-score
8	0.7820961797251856	9.246055812281632	4.971578408096111	2.229703659255218	-0.5588436862941011

