chr_name	begin	end	overlap_count	p-value	p-value_adjusted	mean	variance	standard_deviation	z-score
chr1	0	1000000	201	1.7022520780861997991e-14	3.4045041561723995982e-14	114.458351060166295024	107.6635090156822286	10.37610278552030481
chr2	0	1000000	172	0.17791737859213135886	0.35583475718426271772	160.53574318643547554	141.49576324826075542	11.89519916807872349
