overlap_count	p-value	mean	variance	standard_deviation	z-score
2370	0.051109932226421753154	2311.5139530671556645	1258.1893687571842747	35.47096515119350787	1.6488428404344229868
