overlap_count	p-value	mean	variance	standard_deviation	z-score
229	0.5935202920899251833	231.15139530671562305	124.40548879330384112	11.153720849712164153	-0.19288588406541862899
