overlap_count	p-value	mean	variance	standard_deviation	z-score
5	0.5275182721750002	4.623027906139738	2.485789204047476	1.5766385774956402	0.2390986109568948

