overlap_count	p-value	mean	variance	standard_deviation	z-score
6	0.288339832501473	4.623027906141384	2.4857892040483605	1.5766385774959208	0.8733593821137989

