chr_name	begin	end	overlap_count	p-value	p-value_adjusted	mean	variance	standard_deviation	z-score
chr1	0	1000000	178	8.771613154151775665e-09	1.754322630830355133e-08	115.30389673935380372	106.79885391929193456	10.334353096313863349
chr2	0	1000000	173	0.5007038767396153611	1	172.64415793414935997	152.73751799596825664	12.358702116159619479
