overlap_count	p-value	mean	variance	standard_deviation	z-score
2366	0.06433406704977454	2311.513953070073	1261.7667427928168	35.52135615081182	1.5338954599198684

