overlap_count	p-value	mean	variance	standard_deviation	z-score
19	0.90545038159821333856	23.11513953067156253	12.428946020223213043	3.5254710352268125028	-1.1672594922927266323
