chr_name	begin	end	overlap_count	p-value	p-value_adjusted	mean	variance	standard_deviation	z-score
chr1	0	1000000	145	0.0044778667100210606603	0.0089557334200421213205	116.461444959110350925	108.70940657004171537	10.426380319652727657
chr2	0	1000000	163	0.51437263131414545647	1	163.05620210885480502	144.4114890417848231	12.017133145712617222
