chr_name	begin	end	overlap_count	p-value	p-value_adjusted	mean	variance	standard_deviation	z-score
chr1	0	1000000	160	0.0019239352710494837372	0.0038478705420989674744	127.22693272475960195	117.37544414963088642	10.833994837991703899
chr2	0	1000000	163	0.63624811819525728396	1	166.82476294241782071	146.51572715659741258	12.104368102325598582
