chr_name	begin	end	overlap_count	p-value	p-value_adjusted	mean	variance	standard_deviation	z-score
chr1	0	1000000	148	0.0036096921658474766595	0.007219384331694953319	118.500321717702178606	109.98575742559953231	10.4874094716283264
chr2	0	1000000	175	0.38698191088500949464	0.7739638217700189893	171.07437656942805182	151.83584474358842961	12.322168832782175023
