overlap_count	p-value	mean	variance	standard_deviation	z-score
234	0.4161809096869341	231.15139530707182	124.33252755675235	11.150449657155193	0.2554699389275517

