overlap_count	p-value	mean	variance	standard_deviation	z-score
4	0.7593388851464149	4.623027906141358	2.4857892040483454	1.576638577495916	-0.39516216020216705

