overlap_count	p-value	mean	variance	standard_deviation	z-score
2350	0.14219999837741012505	2311.513953067155684	1259.0505400361610842	35.48310217605221005	1.0846302767411022487
