overlap_count	p-value	mean	variance	standard_deviation	z-score
85	0.8706791278290981	92.46055812282862	49.7178152898391	7.051086107107125	-1.0580721905110142

