overlap_count	p-value	mean	variance	standard_deviation	z-score
205	0.9917408871823611	231.15139530707282	124.35113370959469	11.1512839489269	-2.3451465702825547

