chr_name	begin	end	overlap_count	p-value	p-value_adjusted	mean	variance	standard_deviation	z-score
chr1	0	800000	182	1.8532345907384805566e-05	7.4129383629539222266e-05	134.3619050108460716	120.331245708082020134	10.969559959637488583
chr1	80000	880000	182	1.8387839914371762015e-05	7.355135965748704806e-05	134.18659939437856989	121.02806245021323624	11.001275491969703248
chr1	160000	960000	174	0.00021070064381636057394	0.00084280257526544229574	133.40757413176958267	120.517725348769244906	10.978056537874508729
chr1	240000	1000000	171	7.5579754849422378215e-05	0.00030231901939768951286	128.14840563774446744	115.65225241310046291	10.754173720611940297
