chr_name	begin	end	overlap_count	p-value	p-value_adjusted	mean	variance	standard_deviation	z-score
chr1	0	1000000	179	0.000765516564346161864	0.001531033128692323728	141.34780211279698119	129.06058234132658398	11.360483367415604116
chr2	0	1000000	145	0.8077609846888995637	1	154.72764904397482696	137.50577327022918973	11.7262855700443006796
