overlap_count	p-value	mean	variance	standard_deviation	z-score
20	0.8474763469753847	23.115139530706898	12.428946020241789	3.525471035229447	-0.8836094523477361

