overlap_count	p-value	mean	variance	standard_deviation	z-score
965	0.03731586531229298	924.5921368424313	500.52435493093117	22.37240163529457	1.806147762599681

