overlap_count	p-value	mean	variance	standard_deviation	z-score
50	0.2556098199726979	46.230279061414095	24.857892040483744	4.985768951775016	0.7560961960027895

