overlap_count	p-value	mean	variance	standard_deviation	z-score
914	0.6899799981814587202	924.6055812268624615	500.83958948507249131	22.379445692087024776	-0.47389829814294314765
