overlap_count	p-value	mean	variance	standard_deviation	z-score
28	0.10694853205202025	23.115139530707097	12.429134668265034	3.5254977901375906	1.385580352073419

