overlap_count	p-value	mean	variance	standard_deviation	z-score
236	0.3479868623982242	231.15139530707262	124.41840685112952	11.154299926536382	0.4346848053988955

