overlap_count	p-value	mean	variance	standard_deviation	z-score
899	0.8784959004882598	924.6055812282912	500.1706597047811	22.364495516438126	-1.1449210293820757

