overlap_count	p-value	mean	variance	standard_deviation	z-score
2329	0.31611805112063889878	2311.5139530671555954	1261.1551254508932551	35.51274595762616123	0.49238791485481778022
