overlap_count	p-value	mean	variance	standard_deviation	z-score
229	0.5935202920911291	231.15139530707242	124.40548879349181	11.15372084972059	-0.19288588409726196

