chr_name	begin	end	overlap_count	p-value	p-value_adjusted	mean	variance	standard_deviation	z-score
chr1	0	1000000	172	0.19810888181737368319	0.39621776363474736637	161.3146370216415386	145.17109033614673096	12.048696623956747753
chr2	0	1000000	169	0.46026435760548267684	0.9205287152109653537	167.41386127547588801	145.57843567758346254	12.065588907201482411
