chr_name	begin	end	overlap_count	p-value	p-value_adjusted	mean	variance	standard_deviation	z-score
chr1	0	1000000	165	0.19852187692350822812	0.39704375384701645624	154.57328813986424729	138.39942477439032287	11.7643284880349342815
chr2	0	1000000	132	0.9926132212920348863	1	159.87224626445941204	141.60187108074744625	11.89965844386919562
