overlap_count	p-value	mean	variance	standard_deviation	z-score
920	0.5900843489356972782	924.6055812268624593	500.0788290677609211	22.362442377069659453	-0.20595161964888951814
