overlap_count	p-value	mean	variance	standard_deviation	z-score
934	0.3452789086181598	924.6055812282905	500.34310441021364	22.368350507138732	0.4199871049370113

