overlap_count	p-value	mean	variance	standard_deviation	z-score
21	0.7702164799737558	23.11513953070636	12.428946020241503	3.5254710352294065	-0.5999594123934497

