overlap_count	p-value	mean	variance	standard_deviation	z-score
963	0.045252242040062069794	924.60558122686247684	500.60055472507200808	22.374104556944217697	1.7160203518053688662
