chr_name	begin	end	overlap_count	p-value	p-value_adjusted	mean	variance	standard_deviation	z-score
chr1	0	600000	140	4.5346159542377501017e-06	3.6276927633902000814e-05	96.24065088291099582	85.75384723124436653	9.260337317357525207
chr1	60000	660000	140	4.8422117179201370072e-06	3.8737693743361096058e-05	96.335718163024039826	85.941678602843520646	9.27047348320696728
chr1	120000	720000	143	1.8949081117465870643e-06	1.5159264893972696514e-05	97.021381637493952346	86.96852001213639886	9.32569139593072739
chr1	180000	780000	147	5.8541199968546945706e-08	4.6832959974837556564e-07	94.62155947684924165	84.75078402584475577	9.206018902101209339
chr1	240000	840000	150	4.836541204875682013e-09	3.8692329639005456104e-08	93.421648396526881956	83.61083077328328222	9.143895820342841276
chr1	300000	900000	151	4.2987995311415866468e-10	3.4390396249132693174e-09	91.02182623588214692	81.4419113307112681	9.024517235326844236
chr1	360000	960000	143	1.2337348263858536897e-08	9.869878611086829518e-08	89.307667549707345084	79.72682993394650708	8.928988180860500337
chr1	420000	1000000	137	1.144313916144887201e-08	9.154511329159097608e-08	84.67943909703534841	75.13269635627288633	8.66791187981701198
