chr_name	begin	end	overlap_count	p-value	p-value_adjusted	mean	variance	standard_deviation	z-score
chr1	0	1000000	175	0.068248310097904218985	0.13649662019580843797	156.58703325183658678	142.25460878255171207	11.9270536505270953725
chr2	0	1000000	142	0.8305501846809011379	1	152.62403974507065749	135.0708831645529714	11.621999964057518935
