overlap_count	p-value	mean	variance	standard_deviation	z-score
4	0.7593388851464126	4.623027906141342	2.4857892040483383	1.5766385774959137	-0.3951621602021575

