chr_name	begin	end	overlap_count	p-value	p-value_adjusted	mean	variance	standard_deviation	z-score
chr1	0	1000000	181	1.11137849966486119854e-07	2.2227569993297223971e-07	121.64501684543359921	114.47523432230350169	10.699309992812784265
chr2	0	1000000	132	0.97976353877262567504	1	155.18219194399976654	138.30661207146512665	11.760383160061798201
