chr_name	begin	end	overlap_count	p-value	p-value_adjusted	mean	variance	standard_deviation	z-score
chr1	0	1000000	181	6.5293840303766331936e-07	1.3058768060753266387e-06	125.29776660167028222	116.65253046377194827	10.800580098484152637
chr2	0	1000000	152	0.7705313134463613878	1	160.34636306782755154	140.93307878697138444	11.871523861197069777
