chr_name	begin	end	overlap_count	p-value	p-value_adjusted	mean	variance	standard_deviation	z-score
chr1	0	1000000	171	0.009480653968920706165	0.01896130793784141233	143.23469267660940844	129.48911928691573159	11.3793285956121212445
chr2	0	1000000	168	0.47973972908536027804	0.9594794581707205561	167.00473989257614764	148.86350252174644776	12.200963180083220289
