overlap_count	p-value	mean	variance	standard_deviation	z-score
4664	0.21181428600783344662	4623.0279061343093843	2559.0309359046949234	50.586865250820740328	0.80993541826602645777
