chr_name	begin	end	overlap_count	p-value	p-value_adjusted	mean	variance	standard_deviation	z-score
chr1	0	1000000	186	2.380916411265736965e-06	4.76183282253147393e-06	132.20044232251878759	122.83049264710193265	11.0828918900755290485
chr2	0	1000000	176	0.16141202479225649769	0.32282404958451299537	163.5392116517073862	146.45821259293361767	12.101992091921627829
