chr_name	begin	end	overlap_count	p-value	p-value_adjusted	mean	variance	standard_deviation	z-score
chr1	0	1000000	186	9.3637059537394172714e-09	1.8727411907478834543e-08	121.675273905094263036	113.31614571994938129	10.64500567026384356
chr2	0	1000000	161	0.5054015365810515803	1	160.78379392041179648	141.91459479276093276	11.912791225936973196
