overlap_count	p-value	mean	variance	standard_deviation	z-score
2352	0.13012569953329689021	2311.5139530671556585	1261.3170042361515568	35.515025049071154453	1.1399695446337069995
