overlap_count	p-value	mean	variance	standard_deviation	z-score
239	0.25471847883571813176	231.1513953067156293	124.295771921202530166	11.148801367017107735	0.70398641386722331833
