chr_name	begin	end	overlap_count	p-value	p-value_adjusted	mean	variance	standard_deviation	z-score
chr1	0	1000000	158	0.00022536545994250787553	0.00045073091988501575106	118.94049326633151416	111.43703154056062	10.556373976918429542
chr2	0	1000000	168	0.5371893266818135171	1	168.75366669660491499	147.6944670666766261	12.152961246818679217
