chr_name	begin	end	overlap_count	p-value	p-value_adjusted	mean	variance	standard_deviation	z-score
chr1	0	1000000	174	2.4430094861355353812e-07	4.8860189722710707624e-07	117.67851793123767955	109.51669963860063455	10.465022677404986615
chr2	0	1000000	156	0.62561441060768241407	1	159.41550964805917039	141.15650796818499567	11.880930433605989079
