overlap_count	p-value	mean	variance	standard_deviation	z-score
436	0.9554081372747677	462.30279061414444	249.18178190268674	15.78549276717983	-1.6662635118259654

