overlap_count	p-value	mean	variance	standard_deviation	z-score
4671	0.17401547814752418852	4623.0279061343095828	2559.2523338554494166	50.589053498315714352	0.9482702392779017931
