chr_name	begin	end	overlap_count	p-value	p-value_adjusted	mean	variance	standard_deviation	z-score
chr1	0	1000000	163	0.34696165192406486222	0.69392330384812972444	157.9344316778337576	140.90033903587495465	11.870144861621316989
chr2	0	1000000	180	0.17454624078825478617	0.34909248157650957234	168.03598097458706426	150.33223718795068097	12.261004738109788406
