chr_name	begin	end	overlap_count	p-value	p-value_adjusted	mean	variance	standard_deviation	z-score
chr1	0	1000000	223	5.185789574780248816e-22	1.0371579149560497632e-21	112.352408103698512526	106.09306877329488985	10.30014896850015902
chr2	0	1000000	151	0.59629135729919746645	1	153.47582595835741999	137.31822706375914189	11.718286012201577165
