overlap_count	p-value	mean	variance	standard_deviation	z-score
473	0.25911250500898975	462.3027906141442	249.44175272909206	15.793725106164539	0.6773075581567832

