overlap_count	p-value	mean	variance	standard_deviation	z-score
887	0.95601434790316774937	924.60558122686244137	499.50574568874323259	22.349625180050408008	-1.6826045593117917615
