chr_name	begin	end	overlap_count	p-value	p-value_adjusted	mean	variance	standard_deviation	z-score
chr1	0	1000000	183	0.0013179943980456039227	0.0026359887960912078454	146.5333541942735775	134.8614815290764464	11.612987622876227211
chr2	0	1000000	173	0.057077469058503776944	0.11415493811700755389	153.92461454235910069	135.63490124054973787	11.646239789758312282
