chr_name	begin	end	overlap_count	p-value	p-value_adjusted	mean	variance	standard_deviation	z-score
chr1	0	1000000	154	0.03922922711126616141	0.07845845422253232282	133.74934273753718336	122.532000363259551745	11.069417345247199222
chr2	0	1000000	161	0.71608504117921412124	1	167.5828775790630208	150.06993463518952525	12.250303450739068335
