overlap_count	p-value	mean	variance	standard_deviation	z-score
914	0.689979998183061	924.6055812282906	500.8395894858293	22.379445692103936	-0.4738982982063993

