overlap_count	p-value	mean	variance	standard_deviation	z-score
922	0.5550145458647235	924.6055812282906	499.86675221459103	22.357700065404558	-0.11654066476731946

