overlap_count	p-value	mean	variance	standard_deviation	z-score
2377	0.033601352463288235	2311.513953070722	1259.5550613244757	35.49021078162929	1.845186193235443

