chr_name	begin	end	overlap_count	p-value	p-value_adjusted	mean	variance	standard_deviation	z-score
chr1	0	600000	148	1.076851440713076046e-05	8.614811525704608368e-05	104.499784051629379646	93.27291974608608146	9.657790624469246665
chr1	60000	660000	148	6.0973282480171126356e-06	4.8778625984136901085e-05	103.4269695763726435	92.146504385478144684	9.599297077675955784
chr1	120000	720000	146	4.7872206473783761023e-06	3.829776517902700882e-05	101.3809679117634389	90.00978556478435481	9.487348711035362529
chr1	180000	780000	145	1.3506225833354242274e-05	0.000108049806666833938195	102.532957513658673075	91.088915113926876024	9.544051294598477587
chr1	240000	840000	134	0.0003181498195438646221	0.0025451985563509169769	100.02972373805957265	89.02194840257911668	9.435144323357174629
chr1	300000	900000	143	1.46597889736668482235e-05	0.00011727831178933478579	100.923735800773543135	90.132770293225317526	9.493828010514268713
chr1	360000	960000	157	4.4714061413892116846e-08	3.5771249131113693477e-07	102.17535268857310159	91.59740197746767029	9.570653163576019501
chr1	420000	1000000	152	7.088647718662315626e-08	5.670918174929852501e-07	98.956909262802852115	88.4952115406933725	9.407189353929970325
