overlap_count	p-value	mean	variance	standard_deviation	z-score
4688	0.10105805925428437697	4623.0279061343094074	2554.1316861338684607	50.538417922743371732	1.2855980961851945358
