chr_name	begin	end	overlap_count	p-value	p-value_adjusted	mean	variance	standard_deviation	z-score
chr1	0	1000000	159	0.00052061402397668855423	0.0010412280479533771085	121.74257186712941033	116.458266789711966	10.791583145660879631
chr2	0	1000000	155	0.73423688748971616125	1	162.07672321336652888	143.74706182393583564	11.989456277243594654
