chr_name	begin	end	overlap_count	p-value	p-value_adjusted	mean	variance	standard_deviation	z-score
chr1	0	1000000	169	0.36523348629185758973	0.73046697258371517947	164.43460505943069942	146.93932649788653821	12.121853261687609548
chr2	0	1000000	153	0.59734446916831218655	1	155.5082749863574074	137.69098574247099107	11.734180233082794739
