chr_name	begin	end	overlap_count	p-value	p-value_adjusted	mean	variance	standard_deviation	z-score
chr1	0	1000000	178	8.406303256049963343e-06	1.6812606512099926686e-05	128.15348563958955845	119.50855312085739865	10.9319967581799711515
chr2	0	1000000	174	0.31095587275114150438	0.62191174550228300877	167.5868182006518247	148.36486851503327067	12.180511833048448324
