chr_name	begin	end	overlap_count	p-value	p-value_adjusted	mean	variance	standard_deviation	z-score
chr1	0	1000000	195	2.289937907045098318e-09	4.579875814090196636e-09	126.97505453717895326	116.79273979023991998	10.807068973141603855
chr2	0	1000000	149	0.88591888246888661484	1	162.78581343516824663	141.63414386655918105	11.901014404938731148
