overlap_count	p-value	mean	variance	standard_deviation	z-score
2277	0.8378304413863547	2311.5139530707297	1262.0810139075131	35.52577956790692	-0.9715185279680317

