overlap_count	p-value	mean	variance	standard_deviation	z-score
8	0.7820961797252137	9.246055812281963	4.971578408096289	2.229703659255258	-0.5588436862942392

