overlap_count	p-value	mean	variance	standard_deviation	z-score
74	0.9966114214307988	92.46055812282779	49.71711307799133	7.051036312343833	-2.6181340309522985

