overlap_count	p-value	mean	variance	standard_deviation	z-score
455	0.6892125580520868	462.3027906139997	249.226686543067	15.7869150419918	-0.46258503289432673

