overlap_count	p-value	mean	variance	standard_deviation	z-score
55	0.048795433721778892766	46.230279061343124595	24.858698365784729238	4.9858498138015277805	1.7589220025001684816
