overlap_count	p-value	mean	variance	standard_deviation	z-score
51	0.19575918194723665455	46.23027906134312744	24.857892070570038133	4.985768954792233263	0.95666706217348897466
