overlap_count	p-value	mean	variance	standard_deviation	z-score
86	0.8382091376946164	92.46055812282862	49.71587532903717	7.050948541085601	-0.9162679439770687

