overlap_count	p-value	mean	variance	standard_deviation	z-score
20	0.8474763469753838	23.115139530706873	12.42894602024178	3.5254710352294456	-0.8836094523477295

