chr_name	begin	end	overlap_count	p-value	p-value_adjusted	mean	variance	standard_deviation	z-score
chr1	0	1000000	202	1.7177136743757130907e-07	3.4354273487514261815e-07	140.63705178688805818	128.36903566430109429	11.330005986949040191
chr2	0	1000000	165	0.34267422798961055808	0.68534845597922111615	159.77873754258134117	141.81329392237767513	11.908538698025785696
