overlap_count	p-value	mean	variance	standard_deviation	z-score
452	0.7528594816247621	462.30279061414575	249.4549349604131	15.794142425608714	-0.6523171905453218

