overlap_count	p-value	mean	variance	standard_deviation	z-score
910	0.7502445461504071	924.6055810273011	499.9363363627379	22.35925616747431	-0.6532230284363242

