overlap_count	p-value	mean	variance	standard_deviation	z-score
935	0.32892039835544856	924.6055812282895	500.08369747173964	22.362551229046733	0.46481363710457285

