chr_name	begin	end	overlap_count	p-value	p-value_adjusted	mean	variance	standard_deviation	z-score
chr1	0	1000000	154	0.47759315150921349824	0.9551863030184269965	152.97062688598249482	133.87966648813071482	11.570638119314367133
chr2	0	1000000	164	0.3512060085841609558	0.7024120171683219116	159.06044928702384955	141.56955409097194243	11.898300470696306232
