chr_name	begin	end	overlap_count	p-value	p-value_adjusted	mean	variance	standard_deviation	z-score
chr1	0	1000000	160	0.286165288805033724	0.572330577610067448	152.98413785810844336	136.72329683360927942	11.692873762835604966
chr2	0	1000000	142	0.85305376455338810526	1	153.75245153482002088	136.58311955671615365	11.686878092831984087
