chr_name	begin	end	overlap_count	p-value	p-value_adjusted	mean	variance	standard_deviation	z-score
chr1	0	1000000	198	1.1851760303282564328e-13	2.3703520606565128655e-13	113.257531183019959635	110.11829259687951677	10.493726344672778666
chr2	0	1000000	177	0.032796073955377445797	0.06559214791075489159	154.44008437945917697	139.69628155929992987	11.8193181512005983345
