overlap_count	p-value	mean	variance	standard_deviation	z-score
934	0.3452789086170511279	924.6055812268624001	500.34310440945670018	22.3683505071218137	0.41998710500117252534
