overlap_count	p-value	mean	variance	standard_deviation	z-score
4722	0.025810494480430570124	4623.0279061343092595	2558.0527044432829964	50.577195498003672883	1.956852152262915755
