overlap_count	p-value	mean	variance	standard_deviation	z-score
46	0.5571995705000236	46.230279061414215	24.857892058572656	4.98576895358907	-0.046187270922060285

