overlap_count	p-value	mean	variance	standard_deviation	z-score
19	0.90543154552854498984	23.115139530671563912	12.4310155526707531255	3.5257645344904632648	-1.167162324771150945
