chr_name	begin	end	overlap_count	p-value	p-value_adjusted	mean	variance	standard_deviation	z-score
chr1	0	1000000	148	0.007030206208326970907	0.014060412416653941814	120.82244853598255577	112.181374096251236	10.591570898419706844
chr2	0	1000000	189	0.021115258053155470941	0.042230516106310941882	163.68409548296067213	144.84240073185978251	12.035048846259818255
