overlap_count	p-value	mean	variance	standard_deviation	z-score
90	0.6619477348398868	92.46055812282894	49.8269812122585	7.058822933907501	-0.34857909680798144

