overlap_count	p-value	mean	variance	standard_deviation	z-score
38	0.96074934460860361707	46.2302790613431275	24.857892045019218532	4.9857689522298582474	-1.6507542046572735026
