chr_name	begin	end	overlap_count	p-value	p-value_adjusted	mean	variance	standard_deviation	z-score
chr1	0	600000	135	4.186350032355322975e-06	3.34908002588425838e-05	92.11714154426050632	81.506769735556977914	9.0281099758231223
chr1	60000	660000	137	4.106959414372439509e-07	3.2855675314979516073e-06	89.963286387230199805	79.31871067736588397	8.906105247377547355
chr1	120000	720000	138	2.881322518867362794e-07	2.3050580150938902352e-06	90.10531645039953518	79.84155371614903492	8.935410103411540389
chr1	180000	780000	136	1.0796980120138858362e-06	8.63758409611108669e-06	90.637168682265633786	80.16663665015174904	8.95358233614633987
chr1	240000	840000	136	1.2992816228738947236e-06	1.0394252982991157789e-05	90.97410982978335794	80.33966285994891991	8.963239529319124467
chr1	300000	900000	142	3.5659898810878707376e-07	2.85279190487029659e-06	93.57641836606538792	83.20614215304100971	9.12174008361568093
chr1	360000	960000	143	8.8169069260147348814e-08	7.053525540811787905e-07	92.22865377599451159	81.95708300227256994	9.053015133217914264
chr1	420000	1000000	134	8.50626692620103805e-06	6.80501354096083044e-05	92.39712434975339748	82.49524685472237613	9.082689406487616767
