overlap_count	p-value	mean	variance	standard_deviation	z-score
91	0.6088407902412553	92.46055812282884	49.71585072071294	7.050946796048949	-0.20714354611883862

