overlap_count	p-value	mean	variance	standard_deviation	z-score
9249	0.48649996176608650833	9246.055812268611324	5274.4468747574953387	72.62538726063700198	0.04053937393576457351
