overlap_count	p-value	mean	variance	standard_deviation	z-score
426	0.9902370705740207	462.3027906141453	249.2968057992201	15.789135688796271	-2.299225956991756

