chr_name	begin	end	overlap_count	p-value	p-value_adjusted	mean	variance	standard_deviation	z-score
chr1	0	1000000	186	2.254032325963829524e-08	4.508064651927659048e-08	122.939930586167427015	115.35603074398898168	10.740392485565366045
chr2	0	1000000	163	0.63839160181555365536	1	166.89939653672419505	146.90481543024786905	12.12042967184942124
