chr_name	begin	end	overlap_count	p-value	p-value_adjusted	mean	variance	standard_deviation	z-score
chr1	0	1000000	174	3.5174114085949426752e-06	7.0348228171898853503e-06	123.015859155128558185	114.05121912012572776	10.679476537739372166
chr2	0	1000000	177	0.09036389950078552169	0.18072779900157104338	160.47177550454916753	141.72182326950509933	11.904697529526111372
