overlap_count	p-value	mean	variance	standard_deviation	z-score
460	0.5701295791935197	462.30279061414535	249.350434753551	15.790833884046497	-0.14583084282026829

