overlap_count	p-value	mean	variance	standard_deviation	z-score
78	0.9834674141151656	92.46055812282891	49.71578412618375	7.050942073665317	-2.050868943717166

