chr_name	begin	end	overlap_count	p-value	p-value_adjusted	mean	variance	standard_deviation	z-score
chr1	0	1000000	169	0.0018524105480296313049	0.0037048210960592626098	135.20486631360636327	124.11858824520199443	11.140852222572651755
chr2	0	1000000	135	0.9731493682655604216	1	156.90710723116686383	139.15087989259900443	11.796223119820979566
