chr_name	begin	end	overlap_count	p-value	p-value_adjusted	mean	variance	standard_deviation	z-score
chr1	0	1000000	157	0.008837148946111960876	0.017674297892223921752	129.7594188259789169	121.19726031965211043	11.008962726780943663
chr2	0	1000000	158	0.69826219690592317146	1	163.81710998313771538	143.80521434924901114	11.99188118475366696
