overlap_count	p-value	mean	variance	standard_deviation	z-score
470	0.32406197163394135	462.3027906141444	249.36946171405617	15.79143634106968	0.4874293395235396

