overlap_count	p-value	mean	variance	standard_deviation	z-score
461	0.5451354964684276	462.3027906141444	249.29139366926273	15.788964300081963	-0.08251273417203318

