overlap_count	p-value	mean	variance	standard_deviation	z-score
44	0.7072987435478139684	46.230279061343128665	24.857892040766411706	4.985768951803363672	-0.44732900439287941503
