overlap_count	p-value	mean	variance	standard_deviation	z-score
9	0.6285876049523809	9.246055812282805	4.971578408096741	2.22970365925536	-0.11035359396816814

