overlap_count	p-value	mean	variance	standard_deviation	z-score
4590	0.7461758982145535457	4623.0279061343093208	2559.9818896668262096	50.596263593933754128	-0.652773619794905291
