chr_name	begin	end	overlap_count	p-value	p-value_adjusted	mean	variance	standard_deviation	z-score
chr1	0	1000000	177	0.00029349504717919155114	0.0005869900943583831023	136.3917439408696736	126.6295167805005365	11.252978129388705806
chr2	0	1000000	165	0.41998348221019038418	0.83996696442038076835	162.18778609343186153	145.13394212596892416	12.04715493907042453
