chr_name	begin	end	overlap_count	p-value	p-value_adjusted	mean	variance	standard_deviation	z-score
chr1	0	1000000	171	0.0002620503759654917034	0.0005241007519309834068	130.99039690749411928	120.60840091749415413	10.982185616601740634
chr2	0	1000000	148	0.6881012383589496517	1	153.31856698642621827	136.18415417343015317	11.66979666375683485
