overlap_count	p-value	mean	variance	standard_deviation	z-score
2326	0.34673915622735912434	2311.5139530671556594	1261.1150022207733745	35.512181040042772547	0.40791769214372345298
