overlap_count	p-value	mean	variance	standard_deviation	z-score
50	0.25560982012103861116	46.23027906134312652	24.857892075461798048	4.985768955282805526	0.75609619548506440916
