chr_name	begin	end	overlap_count	p-value	p-value_adjusted	mean	variance	standard_deviation	z-score
chr1	0	1000000	159	0.5388749580666896133	1	159.7852547569187394	141.78003789849080966	11.907142306132517608
chr2	0	1000000	163	0.64831907253981535533	1	167.24863905914033982	148.6239113927787342	12.1911406928465366716
