chr_name	begin	end	overlap_count	p-value	p-value_adjusted	mean	variance	standard_deviation	z-score
chr1	0	1000000	161	0.6430415868756151898	1	165.05196812923147635	146.91533484644390982	12.120863618011874562
chr2	0	1000000	152	0.73871238364855651426	1	159.14449836705386118	140.26152774980609388	11.843205974304681233
