overlap_count	p-value	mean	variance	standard_deviation	z-score
48	0.39865319038519986	46.23027906141422	24.85789204048381	4.9857689517750226	0.3549544625319481

