overlap_count	p-value	mean	variance	standard_deviation	z-score
87	0.8007930647144935	92.4605581228291	49.74907328020052	7.0533022961021965	-0.7741846150343957

