chr_name	begin	end	overlap_count	p-value	p-value_adjusted	mean	variance	standard_deviation	z-score
chr1	0	1000000	209	2.7203203588174133896e-20	5.440640717634826779e-20	105.51602496010352757	100.96790476406013373	10.04827869657585352
chr2	0	1000000	167	0.16562942132342084456	0.33125884264684168912	155.16162952657406633	136.38270379238369936	11.678300552408458175
