overlap_count	p-value	mean	variance	standard_deviation	z-score
22	0.67532119187119588055	23.11513953067156288	12.428946020223202042	3.5254710352268109426	-0.31630937242966753047
