chr_name	begin	end	overlap_count	p-value	p-value_adjusted	mean	variance	standard_deviation	z-score
chr1	0	1000000	187	1.1038341141152924863e-07	2.2076682282305849726e-07	126.950655335932917754	117.698313911772120224	10.8488853764694242075
chr2	0	1000000	181	0.13539704422489176605	0.2707940884497835321	167.04369124128890484	148.76305150078947424	12.1968459652809207
