overlap_count	p-value	mean	variance	standard_deviation	z-score
963	0.04525224204028224	924.6055812282895	500.60055472582826	22.374104556961118	1.7160203517402948

