overlap_count	p-value	mean	variance	standard_deviation	z-score
933	0.36179851375651	924.605581228292	499.65175391787807	22.352891399500827	0.3755406234334188

