overlap_count	p-value	mean	variance	standard_deviation	z-score
941	0.23846625872770896293	924.60558122686242716	499.77532050857932444	22.355655224318058991	0.7333454827709113232
