overlap_count	p-value	mean	variance	standard_deviation	z-score
1	0.9979798769445307194	4.6230279061343131555	2.4857892040446409325	1.576638577494741162	-2.2979444736733886452
