overlap_count	p-value	mean	variance	standard_deviation	z-score
26	0.24895279569499026429	23.11513953067156288	12.428946020223202042	3.5254710352268109426	0.81829078738774542646
