overlap_count	p-value	mean	variance	standard_deviation	z-score
2302	0.61083339708515149713	2311.5139530671555326	1262.4931836996231822	35.531580090106085545	-0.2677604835762632434
