overlap_count	p-value	mean	variance	standard_deviation	z-score
212	0.96125023671612830345	231.15139530671563249	124.33554423094963158	11.150584927749289672	-1.7175238277460733271
