overlap_count	p-value	mean	variance	standard_deviation	z-score
218	0.8896632121933771842	231.15139530671564053	124.37716414602348874	11.152451037598124723	-1.1792381120866165572
