overlap_count	p-value	mean	variance	standard_deviation	z-score
21	0.7702164799725489397	23.11513953067156288	12.428946020223202042	3.5254710352268109426	-0.5999594123840207697
