chr_name	begin	end	overlap_count	p-value	p-value_adjusted	mean	variance	standard_deviation	z-score
chr1	0	1000000	160	0.022893422383802139453	0.045786844767604278905	136.69742850240878403	125.89245585535982461	11.220180740761702392
chr2	0	1000000	153	0.6741022709833514037	1	157.95605206716168711	140.87710388212773648	11.869166098851584294
