overlap_count	p-value	mean	variance	standard_deviation	z-score
2	0.9806112071886735	4.623027906141083	2.4857892040481984	1.5766385774958693	-1.6636837025180267

