chr_name	begin	end	overlap_count	p-value	p-value_adjusted	mean	variance	standard_deviation	z-score
chr1	0	1000000	171	0.0039714788388076861445	0.007942957677615372289	139.70228116046115137	127.92174503406220557	11.310249556665945007
chr2	0	1000000	152	0.82879353122349408434	1	162.94223861328108306	144.9638327566556242	12.0400927220954417456
