chr_name	begin	end	overlap_count	p-value	p-value_adjusted	mean	variance	standard_deviation	z-score
chr1	0	1000000	159	0.010301969392810710405	0.02060393878562142081	132.38537965316138066	121.74983094503832156	11.034030584742744928
chr2	0	1000000	138	0.9718812152923161918	1	159.9697181354601677	142.78361203771064024	11.949209682556861059
