chr_name	begin	end	overlap_count	p-value	p-value_adjusted	mean	variance	standard_deviation	z-score
chr1	0	1000000	167	2.1443255794180532902e-05	4.2886511588361065804e-05	121.07548758158832183	112.31945713120477788	10.5980874279845784765
chr2	0	1000000	145	0.921609171656256998	1	161.2535131390058034	142.11956516380162661	11.92139107502986107
