chr_name	begin	end	overlap_count	p-value	p-value_adjusted	mean	variance	standard_deviation	z-score
chr1	0	1000000	194	4.2277912890920289106e-06	8.455582578184057821e-06	140.18473902015179161	130.38322426530804365	11.4185473798249855866
chr2	0	1000000	141	0.7709311560575777822	1	149.10406196384825893	132.74369915915138134	11.521445185355497812
