overlap_count	p-value	mean	variance	standard_deviation	z-score
9240	0.53587168738495494225	9246.055812268611139	5279.0539245067991923	72.65709823896629573	-0.08334784095965151637
