chr_name	begin	end	overlap_count	p-value	p-value_adjusted	mean	variance	standard_deviation	z-score
chr1	0	1000000	174	1.5438998259816275163e-08	3.0877996519632550327e-08	112.450595538387262046	106.25187481853251314	10.307855005699901343
chr2	0	1000000	136	0.53308503663423345564	1	136.55366008246746069	123.86457923304236525	11.129446492662713065
