chr_name	begin	end	overlap_count	p-value	p-value_adjusted	mean	variance	standard_deviation	z-score
chr1	0	1000000	189	0.005821697637373258148	0.011643395274746516296	157.69619912195602952	142.68816142186758608	11.945215001073341337
chr2	0	1000000	141	0.9123962067416133692	1	156.48831906962976707	141.02858747063537531	11.875545775695337503
