chr_name	begin	end	overlap_count	p-value	p-value_adjusted	mean	variance	standard_deviation	z-score
chr1	0	1000000	188	0.0015520630511992885257	0.0031041261023985770515	151.503088748938372	140.01352070249667575	11.832730906367163548
chr2	0	1000000	163	0.7037949738424034152	1	169.13975032461427028	149.80217634907104773	12.239369932683260789
