overlap_count	p-value	mean	variance	standard_deviation	z-score
42	0.8285409132215736383	46.230279061343127013	24.857892040446406736	4.985768951771271835	-0.8484707378668750168
