chr_name	begin	end	overlap_count	p-value	p-value_adjusted	mean	variance	standard_deviation	z-score
chr1	0	1000000	160	0.21752575489997286184	0.4350515097999457237	150.46986371435229332	135.3469639621318444	11.633871409042298865
chr2	0	1000000	155	0.7678762137440994229	1	163.31296315968414874	143.16716052496281568	11.965248034410436562
