chr_name	begin	end	overlap_count	p-value	p-value_adjusted	mean	variance	standard_deviation	z-score
chr1	0	1000000	161	0.16059214321477602305	0.3211842864295520461	148.95772517876628083	135.4593091351179629	11.6386987732786504526
chr2	0	1000000	180	0.16565173102761460155	0.3313034620552292031	167.62473433123774214	149.62515163958166509	12.232136021136360184
