chr_name	begin	end	overlap_count	p-value	p-value_adjusted	mean	variance	standard_deviation	z-score
chr1	0	1000000	209	2.3262512628514821565e-15	4.652502525702964313e-15	118.37206585185785374	110.624772597691133656	10.51783117366366238
chr2	0	1000000	155	0.63256934553274135613	1	158.6303665815920259	140.9083060253655083	11.870480446273668341
