overlap_count	p-value	mean	variance	standard_deviation	z-score
10	0.45260890352778327	9.246055812282863	4.9715784080967715	2.2297036592553665	0.3381364983582278

