overlap_count	p-value	mean	variance	standard_deviation	z-score
4561	0.8918073312203557146	4623.027906134309561	2559.0126418168604345	50.586684431941775903	-1.2261706184314284472
