chr_name	begin	end	overlap_count	p-value	p-value_adjusted	mean	variance	standard_deviation	z-score
chr1	0	1000000	196	3.232552459628118378e-12	6.465104919256236756e-12	116.97493761632873097	110.885029089859668855	10.530196061320969956
chr2	0	1000000	160	0.41901298311716739242	0.83802596623433478484	157.19610060061345803	140.73131918631933662	11.863023189150366683
