overlap_count	p-value	mean	variance	standard_deviation	z-score
10	0.452608903527703	9.246055812281224	4.97157840809589	2.229703659255169	0.33813649835899307

