chr_name	begin	end	overlap_count	p-value	p-value_adjusted	mean	variance	standard_deviation	z-score
chr1	0	1000000	156	0.31326117884965570815	0.6265223576993114163	149.9235486505387088	136.07417527291088556	11.6650835947673725
chr2	0	1000000	164	0.17359598835977194109	0.34719197671954388218	152.54708628863884562	136.14943108555881543	11.6683088357121751075
