chr_name	begin	end	overlap_count	p-value	p-value_adjusted	mean	variance	standard_deviation	z-score
chr1	0	1000000	165	0.19340894656574134092	0.38681789313148268183	154.41843672273975008	136.56739603660824499	11.686205373713412751
chr2	0	1000000	159	0.5062137427542700019	1	158.81198101853787943	141.75493063917474623	11.906087965371948579
