overlap_count	p-value	mean	variance	standard_deviation	z-score
214	0.9434964429787616	231.15139530707168	124.38132730106366	11.152637683573499	-1.5378779257156032

