chr_name	begin	end	overlap_count	p-value	p-value_adjusted	mean	variance	standard_deviation	z-score
chr1	0	1000000	165	0.00048020430766673803235	0.0009604086153334760647	127.40836517402942199	117.565996904938419386	10.842785477216563441
chr2	0	1000000	162	0.59472402666116497283	1	164.51076594687177682	145.77197041396527152	12.073606354936592495
