overlap_count	p-value	mean	variance	standard_deviation	z-score
8	0.7820961797252388	9.246055812282261	4.971578408096449	2.229703659255294	-0.558843686294364

