overlap_count	p-value	mean	variance	standard_deviation	z-score
218	0.8896632121948642	231.1513953070717	124.37716414621092	11.152451037606527	-1.1792381121176556

