overlap_count	p-value	mean	variance	standard_deviation	z-score
94	0.44073027451699254	92.46046933166058	49.71578190936455	7.050941916465101	0.21834397256122168

