chr_name	begin	end	overlap_count	p-value	p-value_adjusted	mean	variance	standard_deviation	z-score
chr1	0	1000000	171	5.987803358285518398e-05	0.00011975606716571036796	126.93298712843674613	117.83894392567110705	10.8553647532301330335
chr2	0	1000000	156	0.65947690566642225285	1	160.50738247696650839	142.36475524739118015	11.931670262263836972
