overlap_count	p-value	mean	variance	standard_deviation	z-score
10	0.45260890352703947448	9.246055812268625018	4.971578408089281136	2.2297036592536868184	0.33813649836486823016
