chr_name	begin	end	overlap_count	p-value	p-value_adjusted	mean	variance	standard_deviation	z-score
chr1	0	1000000	166	0.00062359375492146299283	0.0012471875098429259857	129.2936650388487063	117.65635950239202104	10.8469516225708327364
chr2	0	1000000	169	0.13084037407766685446	0.26168074815533370892	155.31377865439784854	137.38790858249549001	11.7212588309658741195
