chr_name	begin	end	overlap_count	p-value	p-value_adjusted	mean	variance	standard_deviation	z-score
chr1	0	1000000	174	9.197941461344486273e-05	0.00018395882922688972546	130.6766170862818768	120.95777625147500385	10.998080571239465322
chr2	0	1000000	140	0.8964830843160298546	1	154.21238357857057842	137.38848899054696989	11.721283589716058478
