chr_name	begin	end	overlap_count	p-value	p-value_adjusted	mean	variance	standard_deviation	z-score
chr1	0	1000000	166	0.00014814911426185001621	0.00029629822852370003242	124.69663300508457151	117.172143269176378254	10.824608227052671409
chr2	0	1000000	170	0.605163904778206474	1	172.92373932135668352	153.8428106559317792	12.403338689882324551
