overlap_count	p-value	mean	variance	standard_deviation	z-score
26	0.2489527956954423	23.11513953070692	12.428946020241805	3.525471035229449	0.8182907873771041

