overlap_count	p-value	mean	variance	standard_deviation	z-score
4575	0.8312612701467481102	4623.0279061343091977	2559.6388808729706512	50.592873815123120075	-0.94930179909947698315
