chr_name	begin	end	overlap_count	p-value	p-value_adjusted	mean	variance	standard_deviation	z-score
chr1	0	600000	153	1.07884267907832844003e-07	8.6307414326266275203e-07	100.352615416150448724	89.94040005126515477	9.483691267184162969
chr1	60000	660000	147	1.6283531963847255336e-06	1.3026825571077804269e-05	100.002004183215447666	89.78054977199876974	9.47525987886341668
chr1	120000	720000	142	1.0759597711729011749e-05	8.607678169383209399e-05	99.30078171734543981	89.50187417142827123	9.4605430167315592216
chr1	180000	780000	139	7.401685400471918672e-05	0.00059213483203775349375	100.80072946881400513	90.60562105638204637	9.5186984959280040415
chr1	240000	840000	145	6.186085983851775088e-06	4.9488687870814200705e-05	100.800729468813997494	90.51460006836094279	9.5139161268302624656
chr1	300000	900000	138	0.0001414285378503651045	0.001131428302802920836	101.32664631821651154	91.46099883141680217	9.563524393831847291
chr1	360000	960000	140	8.715676603802449392e-05	0.00069725412830419595134	101.852563167619019235	92.3719940288536564	9.6110350134027529925
chr1	420000	1000000	140	9.492654507416925047e-05	0.0007594123605933540038	102.027868784086491676	92.61250262038074525	9.6235389862763451715
