chr_name	begin	end	overlap_count	p-value	p-value_adjusted	mean	variance	standard_deviation	z-score
chr1	0	1000000	176	0.003758996302256081834	0.007517992604512163668	144.09919112907825973	131.23471771379307405	11.455772244322644268
chr2	0	1000000	179	0.17090275697019907675	0.3418055139403981535	166.91607513302598868	148.83633986166624806	12.199849993408371743
