chr_name	begin	end	overlap_count	p-value	p-value_adjusted	mean	variance	standard_deviation	z-score
chr1	0	1000000	163	0.004486851692537423275	0.00897370338507484655	132.83573117745904955	122.33377539042091122	11.060459999042576494
chr2	0	1000000	165	0.28128077237507875807	0.56256154475015751615	157.7012872700437306	141.29803542781701844	11.886885017859683935
