overlap_count	p-value	mean	variance	standard_deviation	z-score
74	0.99661142142930680965	92.46055812268625331	49.717113077916849806	7.0510363123385522534	-2.618134030934186194
