overlap_count	p-value	mean	variance	standard_deviation	z-score
2260	0.9287379608674793	2311.5139530649585	1258.8244210094879	35.47991574129634	-1.4519186979071539

