chr_name	begin	end	overlap_count	p-value	p-value_adjusted	mean	variance	standard_deviation	z-score
chr1	0	800000	170	7.2263942307112565274e-06	2.890557692284502611e-05	122.309636548930691785	108.258973593487733425	10.404757257787792015
chr1	80000	880000	176	1.0264352437291870274e-06	4.1057409749167481094e-06	123.3435404951873948	109.40110225844374054	10.459498183873055224
chr1	160000	960000	176	8.883129388265828803e-07	3.5532517553063315212e-06	123.0587687738653017	109.174088741495818405	10.448640521211159861
chr1	240000	1000000	160	6.704942948342629554e-05	0.00026819771793370518215	118.678533856135057	105.50058206251763748	10.271347626408018593
