chr_name	begin	end	overlap_count	p-value	p-value_adjusted	mean	variance	standard_deviation	z-score
chr1	0	1000000	165	0.65783911819790630293	1	169.60404830496115312	151.20975394711541023	12.296737532659441546
chr2	0	1000000	169	0.22178544950676204461	0.44357089901352408923	159.42487540226986528	141.91200848333931926	11.912682673660845872
