chr_name	begin	end	overlap_count	p-value	p-value_adjusted	mean	variance	standard_deviation	z-score
chr1	0	1000000	143	0.8789909479999966635	1	156.24370684116428477	138.97014678083934353	11.788559996065649389
chr2	0	1000000	177	0.6871707465877133769	1	182.79845608338273377	161.78478745665884193	12.719464904494168301
