chr_name	begin	end	overlap_count	p-value	p-value_adjusted	mean	variance	standard_deviation	z-score
chr1	0	1000000	149	0.23204498426727415694	0.46408996853454831388	140.25390683936478806	128.81597778392100061	11.3497126740689343585
chr2	0	1000000	161	0.31823576846079570934	0.6364715369215914187	155.07064961313652973	136.60900895288221328	11.687985667037849909
