chr_name	begin	end	overlap_count	p-value	p-value_adjusted	mean	variance	standard_deviation	z-score
chr1	0	1000000	146	0.15163167766185500773	0.30326335532371001547	134.07946067475826397	122.93968993699425932	11.087817185406434149
chr2	0	1000000	160	0.36551350031662321882	0.73102700063324643764	155.52802647331109527	141.3723581861700948	11.89001085727721675
