chr_name	begin	end	overlap_count	p-value	p-value_adjusted	mean	variance	standard_deviation	z-score
chr1	0	1000000	173	0.004433183643847401871	0.008866367287694803742	142.11561832379042512	128.39238851304887803	11.3310365153876756025
chr2	0	1000000	144	0.85272515243178326205	1	155.8746544701861373	139.69240764835561983	11.819154269589496302
