chr_name	begin	end	overlap_count	p-value	p-value_adjusted	mean	variance	standard_deviation	z-score
chr1	0	1000000	158	0.043263998800864796046	0.08652799760172959209	137.83459794331039748	128.20142755982924555	11.322606924195030341
chr2	0	1000000	136	0.967035371149731815	1	156.9697451744848941	140.29876779307814662	11.844778081208535104
