chr_name	begin	end	overlap_count	p-value	p-value_adjusted	mean	variance	standard_deviation	z-score
chr1	0	1000000	165	0.011184974699732876113	0.022369949399465752227	138.41123823297524868	125.225561623425082736	11.190422763391251017
chr2	0	1000000	199	0.0034960874662125240343	0.0069921749324250480687	165.22860969975683532	145.51495356090623322	12.062957910931556973
