chr_name	begin	end	overlap_count	p-value	p-value_adjusted	mean	variance	standard_deviation	z-score
chr1	0	1000000	197	6.465110478072014576e-07	1.2930220956144029152e-06	138.78319142668018793	128.3568157326704606	11.329466701158994121
chr2	0	1000000	169	0.25508358598278763063	0.51016717196557526126	160.74221544991016382	141.24647130552322608	11.884715869785159743
