chr_name	begin	end	overlap_count	p-value	p-value_adjusted	mean	variance	standard_deviation	z-score
chr1	0	1000000	187	1.9641767503897862644e-05	3.9283535007795725288e-05	138.26595061960422631	126.40761589249706081	11.243114154561318017
chr2	0	1000000	157	0.67024897361450297417	1	161.89034908945470535	144.13972864787419215	12.0058206153462992734
