overlap_count	p-value	mean	variance	standard_deviation	z-score
214	0.94349644297725399067	231.15139530671563609	124.38132730087629673	11.152637683565098975	-1.5378779256848366538
