overlap_count	p-value	mean	variance	standard_deviation	z-score
22	0.6753211918722989	23.11513953070708	12.428946020241886	3.5254710352294607	-0.316309372439504

