overlap_count	p-value	mean	variance	standard_deviation	z-score
91	0.6088408635978998	92.46055812282876	49.71578408096783	7.050942070458942	-0.20714368494785984

