chr_name	begin	end	overlap_count	p-value	p-value_adjusted	mean	variance	standard_deviation	z-score
chr1	0	1000000	210	3.997482517845592129e-22	7.994965035691184258e-22	102.416170411763484724	98.061356525568556086	9.90259342422824891
chr2	0	1000000	159	0.5268172916970985664	1	159.43262530998581844	143.35344974316578791	11.973030098649455408
