overlap_count	p-value	mean	variance	standard_deviation	z-score
74	0.996602222958036	92.46055812282889	49.750421919537956	7.053397898852578	-2.6172574392594505

