overlap_count	p-value	mean	variance	standard_deviation	z-score
39	0.94011791044211856505	46.230279061343127797	24.862860745217035593	4.9862672155849244652	-1.4500384252862318465
