chr_name	begin	end	overlap_count	p-value	p-value_adjusted	mean	variance	standard_deviation	z-score
chr1	0	1000000	157	0.57131287757271032035	1	158.74683624345076079	140.19414391941646103	11.840360801910407199
chr2	0	1000000	153	0.45168595201465322475	0.9033719040293064495	151.21620386654112297	134.10682137981608641	11.580449964479622344
