chr_name	begin	end	overlap_count	p-value	p-value_adjusted	mean	variance	standard_deviation	z-score
chr1	0	1000000	154	0.49214329388137817434	0.9842865877627563487	153.39575531136786189	137.5855249059035154	11.7296856268999603315
chr2	0	1000000	155	0.730921488591245061	1	161.97324312102726726	144.32889618802020107	12.013696191764639471
