chr_name	begin	end	overlap_count	p-value	p-value_adjusted	mean	variance	standard_deviation	z-score
chr1	0	1000000	159	0.00027707783576428360274	0.0005541556715285672055	120.2213531358350542	113.46370854291669643	10.6519344976824137635
chr2	0	1000000	163	0.32414936229117347066	0.6482987245823469413	157.19511846643199038	140.40111980729584769	11.84909784782351469
