chr_name	begin	end	overlap_count	p-value	p-value_adjusted	mean	variance	standard_deviation	z-score
chr1	0	1000000	140	0.00995866940230610842	0.01991733880461221684	114.76162885288436642	107.508792045538426385	10.36864465808036197
chr2	0	1000000	157	0.84381705022160746754	1	168.88970231346261837	150.48986042053305241	12.267430881017143616
