overlap_count	p-value	mean	variance	standard_deviation	z-score
9259	0.4319133433023141233	9246.055812268611269	5276.1438754499224473	72.63706956816142406	0.17820360606979222478
