overlap_count	p-value	mean	variance	standard_deviation	z-score
4746	0.007778600073017363087	4623.027906134309428	2560.53825153625669	50.60176134816115954	2.4301939416612681046
