overlap_count	p-value	mean	variance	standard_deviation	z-score
4591	0.7399014343731948884	4623.0279061343094464	2557.529108718615243	50.572019029485220296	-0.63331278341163479165
