overlap_count	p-value	mean	variance	standard_deviation	z-score
12	0.15608700371829892228	9.246055812268625018	4.971578408089281136	2.2297036592536868184	1.2351166830183876738
