overlap_count	p-value	mean	variance	standard_deviation	z-score
959	0.064888536585135478396	924.6055812268624804	500.110753682748844	22.363156165504654545	1.537994839305875031
