overlap_count	p-value	mean	variance	standard_deviation	z-score
474	0.23898908290330819759	462.30279061343126992	249.28350171184569596	15.788714378056425401	0.7408588886012038046
