chr_name	begin	end	overlap_count	p-value	p-value_adjusted	mean	variance	standard_deviation	z-score
chr1	0	1000000	189	1.2470627391438308138e-15	2.4941254782876616276e-15	102.032234339335488485	97.5186008763943757	9.8751506761362570965
chr2	0	1000000	163	0.7461009984299531439	1	170.74569409553054834	152.39484721800064287	12.344830789362835283
