overlap_count	p-value	mean	variance	standard_deviation	z-score
9280	0.32250682380637818447	9246.055812268611306	5273.321234891057368	72.617637216388811444	0.4674372374612038905
