chr_name	begin	end	overlap_count	p-value	p-value_adjusted	mean	variance	standard_deviation	z-score
chr1	0	800000	155	0.009165198400285111749	0.036660793601140446996	128.52468336560823424	116.06443773940606403	10.773320645901432745
chr1	80000	880000	156	0.0038402971497451684167	0.015361188598980673667	126.301207662337072996	113.90483915210727249	10.6726210066743807565
chr1	160000	960000	160	0.0024534058150182187948	0.009813623260072875179	128.35364677304888777	116.00236629405620031	10.770439466152539512
chr1	240000	1000000	160	0.00031035858870184746894	0.0012414343548073898758	122.19632944091334091	110.63581070660421402	10.518355893703360236
