overlap_count	p-value	mean	variance	standard_deviation	z-score
3	0.9134114345091404	4.623027906140699	2.4857892040479923	1.576638577495804	-1.0294229313598147

