chr_name	begin	end	overlap_count	p-value	p-value_adjusted	mean	variance	standard_deviation	z-score
chr1	0	1000000	150	0.0009417337678876422976	0.0018834675357752845952	115.852785478067806434	109.07699077942987909	10.443993047653271925
chr2	0	1000000	154	0.66623831579077275045	1	158.65916034990264158	138.81915157653595759	11.78215394469686759
