chr_name	begin	end	overlap_count	p-value	p-value_adjusted	mean	variance	standard_deviation	z-score
chr1	0	1000000	168	2.2535888846070844217e-06	4.5071777692141688434e-06	116.872721597254995436	109.36692246826159005	10.457864144664606899
chr2	0	1000000	158	0.12341977701133791112	0.24683955402267582224	144.31460723039484308	128.83656718552457308	11.350619682886242008
