chr_name	begin	end	overlap_count	p-value	p-value_adjusted	mean	variance	standard_deviation	z-score
chr1	0	1000000	198	1.4373780640917746299e-15	2.8747561281835492599e-15	109.085709859324865	103.451613027570772665	10.171116606723706845
chr2	0	1000000	169	0.11504623902189324569	0.23009247804378649138	154.40143479602239633	136.98774205289066468	11.7041762654571579495
