overlap_count	p-value	mean	variance	standard_deviation	z-score
101	0.1271834927953258143	92.46055812268625598	49.715806066226455602	7.050943629488641402	1.21110624705604881
