chr_name	begin	end	overlap_count	p-value	p-value_adjusted	mean	variance	standard_deviation	z-score
chr1	0	1000000	148	0.9116568507349005479	1	163.72943285782833785	146.21802565860997825	12.092064573868681514
chr2	0	1000000	156	0.5602877158465882079	1	157.40474356482802074	138.4817749339676043	11.767827961606491989
