chr_name	begin	end	overlap_count	p-value	p-value_adjusted	mean	variance	standard_deviation	z-score
chr1	0	1000000	163	0.50042469851955151405	1	162.63626658746966537	144.13133424543910661	12.005471013060633208
chr2	0	1000000	162	0.30616032015893918095	0.6123206403178783619	155.66431554133708134	136.7345026642831518	11.693352926525528922
