overlap_count	p-value	mean	variance	standard_deviation	z-score
81	0.95551592149985997704	92.46055812268625521	49.72615885341673796	7.0516777332360231706	-1.6252243162886276239
