overlap_count	p-value	mean	variance	standard_deviation	z-score
2352	0.12998956071189516	2311.4911217010035	1261.314784457293	35.51499379779325	1.1406134132990762

