overlap_count	p-value	mean	variance	standard_deviation	z-score
18	0.9454861728113935	23.1151395307068	12.428946020241737	3.52547103522944	-1.4509095322559933

