overlap_count	p-value	mean	variance	standard_deviation	z-score
243	0.15446753905585206001	231.15139530671562794	124.400734424765450195	11.153507718416007363	1.0623209300981306527
