chr_name	begin	end	overlap_count	p-value	p-value_adjusted	mean	variance	standard_deviation	z-score
chr1	0	600000	137	3.9040244889234862626e-06	3.12321959113878901e-05	93.77194919140211625	82.506028340419739035	9.0832829054488740525
chr1	60000	660000	143	2.1378525829721180529e-07	1.7102820663776944423e-06	93.95056242795716153	82.24176222124397174	9.068724398791925562
chr1	120000	720000	144	4.6787159568136784353e-07	3.7429727654509427482e-06	95.91530803006274109	84.286986191582996056	9.180794420505395243
chr1	180000	780000	146	1.7503929216925572198e-07	1.4003143373540457758e-06	95.915308030062720414	84.4602862654062265	9.190227759169313781
chr1	240000	840000	145	4.817010373066244795e-07	3.853608298452995836e-06	96.6001273625125309	85.555808208823644345	9.249638274485313318
chr1	300000	900000	148	1.2361441185006497414e-07	9.889152948005197931e-07	96.80837421283800553	85.886356512515845095	9.267489223760437969
chr1	360000	960000	150	1.3215770297013403441e-07	1.0572616237610722753e-06	98.41589334183347268	87.692213294432373887	9.3644120634683934165
chr1	420000	1000000	146	9.568558484972446101e-08	7.654846787977956881e-07	94.665015374177385245	84.5262346215505508	9.193815019976775169
