overlap_count	p-value	mean	variance	standard_deviation	z-score
240	0.22697578622863051612	231.15139530671563593	124.43949048146157338	11.1552449763087486116	0.7932236998897672036
