overlap_count	p-value	mean	variance	standard_deviation	z-score
2	0.9806112071872702396	4.6230279061343131555	2.4857892040446409325	1.576638577494741162	-1.6636837025149235246
