overlap_count	p-value	mean	variance	standard_deviation	z-score
5	0.5275182721750992	4.623027906140605	2.485789204047942	1.576638577495788	0.23909861095632254

