overlap_count	p-value	mean	variance	standard_deviation	z-score
928	0.4482727498697772206	924.6055812268624162	499.75896941471832274	22.355289517577676022	0.15183962482206262843
