overlap_count	p-value	mean	variance	standard_deviation	z-score
927	0.46600272221068645	924.6055812282431	499.51558178454883	22.34984522954351	0.10713357283529776

