chr_name	begin	end	overlap_count	p-value	p-value_adjusted	mean	variance	standard_deviation	z-score
chr1	0	1000000	181	2.2719252008375585606e-07	4.5438504016751171212e-07	123.37588389320045078	114.41001932320086325	10.696261932245342282
chr2	0	1000000	181	0.0039339008770841784463	0.0078678017541683568925	149.17122004018717715	132.57252953708069047	11.514014483970423184
