chr_name	begin	end	overlap_count	p-value	p-value_adjusted	mean	variance	standard_deviation	z-score
chr1	0	1000000	180	5.6807392559764937565e-07	1.1361478511952987513e-06	124.08948383283367841	116.03410000180842388	10.771912550787275301
chr2	0	1000000	169	0.4853230638161170063	0.9706461276322340126	168.17332949517848703	146.88384482369340685	12.11956454761033924
