overlap_count	p-value	mean	variance	standard_deviation	z-score
4583	0.78843180969093751287	4623.02790613430945	2559.446237797248714	50.590969923468048823	-0.7912065373496896794
