chr_name	begin	end	overlap_count	p-value	p-value_adjusted	mean	variance	standard_deviation	z-score
chr1	0	1000000	161	0.15205465405778517685	0.3041093081155703537	148.62757474376876614	133.34400809756358203	11.547467605391390836
chr2	0	1000000	163	0.53030208603082407137	1	163.53153154482439957	143.4071107497673343	11.975270800686193013
