overlap_count	p-value	mean	variance	standard_deviation	z-score
240	0.22697578622921233	231.15139530707117	124.43949048164885	11.155244976317142	0.7932236998572989

