overlap_count	p-value	mean	variance	standard_deviation	z-score
4621	0.5198363890020950562	4623.0279061343093723	2555.6446304726686232	50.553383966581986103	-0.040114152113929852247
