overlap_count	p-value	mean	variance	standard_deviation	z-score
922	0.5550163318973040383	924.6055812268624218	499.8349199304671275	22.356988167695288367	-0.11654437562512799556
