chr_name	begin	end	overlap_count	p-value	p-value_adjusted	mean	variance	standard_deviation	z-score
chr1	0	1000000	169	5.713015568891200756e-07	1.1426031137782401512e-06	114.39351960259700692	109.633357772419285696	10.470594910148099397
chr2	0	1000000	139	0.9321965439190744718	1	155.82743206503454803	137.24005152881534425	11.714949915762138855
