overlap_count	p-value	mean	variance	standard_deviation	z-score
22	0.675321191872288	23.11513953070671	12.428946020241687	3.5254710352294327	-0.3163093724394017

