overlap_count	p-value	mean	variance	standard_deviation	z-score
85	0.87067912782768452917	92.460558122686253034	49.717815289764196583	7.0510861071018127643	-1.0580721904916212051
