chr_name	begin	end	overlap_count	p-value	p-value_adjusted	mean	variance	standard_deviation	z-score
chr1	0	1000000	172	0.045337028394301460976	0.09067405678860292195	151.49993165482524751	136.52964181875395211	11.684589929422168306
chr2	0	1000000	174	0.17663467430444823592	0.35326934860889647183	162.4322580318426443	142.61432927611927475	11.94212415260029336
