chr_name	begin	end	overlap_count	p-value	p-value_adjusted	mean	variance	standard_deviation	z-score
chr1	0	1000000	177	0.06046111822760865534	0.12092223645521731068	157.93500635953369969	140.67551638185405352	11.860670992058335209
chr2	0	1000000	147	0.94904224529273906175	1	166.15772497810150633	147.62277665997319696	12.1500113851787479285
