overlap_count	p-value	mean	variance	standard_deviation	z-score
5	0.52751827217435531825	4.6230279061343131555	2.4857892040446409325	1.576638577494741162	0.23909861096047183673
