overlap_count	p-value	mean	variance	standard_deviation	z-score
4639	0.37979314646732936778	4623.027906134309338	2560.0806553390264377	50.597239601968667454	0.31567124988117356113
