chr_name	begin	end	overlap_count	p-value	p-value_adjusted	mean	variance	standard_deviation	z-score
chr1	0	1000000	174	0.26441918705813827195	0.5288383741162765439	165.90054347681487953	148.5471346927145709	12.187991413383690553
chr2	0	1000000	179	0.5143630968159659256	1	179.06601712090803079	155.40157302904981733	12.466016726647282071
