chr_name	begin	end	overlap_count	p-value	p-value_adjusted	mean	variance	standard_deviation	z-score
chr1	0	1000000	168	6.720857408120921072e-08	1.3441714816241842144e-07	109.76384243463617671	104.99472989289671822	10.2466936078374432
chr2	0	1000000	140	0.7974508139892299008	1	149.14148876992083784	133.05776858472575272	11.535066908550021615
