overlap_count	p-value	mean	variance	standard_deviation	z-score
102	0.10007202506517713647	92.460558122686253395	49.72200213435655134	7.0513829944455967934	1.3528469358178394173
