overlap_count	p-value	mean	variance	standard_deviation	z-score
44	0.7072987435489941	46.230279061413995	24.857892040803684	4.985768951807102	-0.44732900440675777

