overlap_count	p-value	mean	variance	standard_deviation	z-score
941	0.23846625872856317	924.6055812282907	499.77532050933485	22.355655224334956	0.7333454827064683

