overlap_count	p-value	mean	variance	standard_deviation	z-score
5	0.5275182721751901	4.623027906141403	2.4857892040483702	1.5766385774959237	0.23909861095579554

