overlap_count	p-value	mean	variance	standard_deviation	z-score
78	0.98346718268130961516	92.4605581226862544	49.71604677527502659	7.05096069874701731	-2.0508635263356312423
