overlap_count	p-value	mean	variance	standard_deviation	z-score
922	0.555016331898771	924.6055812282899	499.8349199312226	22.356988167712185	-0.11654437568888953

