chr_name	begin	end	overlap_count	p-value	p-value_adjusted	mean	variance	standard_deviation	z-score
chr1	0	1000000	179	1.7121014242007256376e-05	3.4242028484014512752e-05	130.89762522681581239	120.68340448183823838	10.9855998690029775895
chr2	0	1000000	143	0.93058763438013047953	1	160.03291641686464443	142.7898455174519879	11.949470512012320452
