overlap_count	p-value	mean	variance	standard_deviation	z-score
4660	0.23536465449486412838	4623.0279061343093705	2557.6692007806210274	50.573404085355190052	0.73105804393334945817
