overlap_count	p-value	mean	variance	standard_deviation	z-score
8	0.7820961797251677	9.246055812281421	4.971578408095999	2.2297036592551933	-0.5588436862940125

