chr_name	begin	end	overlap_count	p-value	p-value_adjusted	mean	variance	standard_deviation	z-score
chr1	0	600000	137	1.6251163051329533351e-06	1.3000930441063626681e-05	91.75766776677848894	82.55578538279764465	9.086021427599521387
chr1	60000	660000	144	5.6792343635508753e-08	4.54338749084070024e-07	91.97928399620058392	83.002554271285754826	9.110573761914545567
chr1	120000	720000	146	3.5177622435726841693e-08	2.8142097948581473355e-07	92.81340039562289607	83.884961080029736405	9.158873352112132815
chr1	180000	780000	141	1.4323251138323629412e-07	1.1458600910658903529e-06	90.98354585401959483	82.1470195378792329	9.063499298718968451
chr1	240000	840000	138	2.9768277732054253715e-07	2.3814622185643402972e-06	89.702684208581837416	81.07081172336868037	9.003933125216372928
chr1	300000	900000	128	1.4377048491639851638e-05	0.000115016387933118813106	88.15578586599411365	79.74824424649496671	8.9301872458809600655
chr1	360000	960000	134	1.0793387402552960587e-06	8.6347099220423684696e-06	88.48322967515632817	80.25015145163237931	8.958244886786271557
chr1	420000	1000000	134	4.3993212130128253912e-07	3.519456970410260313e-06	87.0097325339263031	79.040469769977879204	8.890470728256062325
