overlap_count	p-value	mean	variance	standard_deviation	z-score
233	0.45142784684567083264	231.15139530671563102	124.2979926570182261	11.148900961844545245	0.16581048657719209261
