overlap_count	p-value	mean	variance	standard_deviation	z-score
42	0.8285409132229067	46.23027906141419	24.857892040483797	4.985768951775022	-0.8484707378804894

