chr_name	begin	end	overlap_count	p-value	p-value_adjusted	mean	variance	standard_deviation	z-score
chr1	0	1000000	192	8.702163699262384988e-07	1.7404327398524769976e-06	134.68142321013575535	127.01910131099215398	11.270275121353167481
chr2	0	1000000	165	0.47324320168379208074	0.94648640336758416147	163.81473654628190227	145.00747150710473331	12.041904812242319552
