chr_name	begin	end	overlap_count	p-value	p-value_adjusted	mean	variance	standard_deviation	z-score
chr1	0	1000000	174	2.2909073963419589086e-08	4.5818147926839178172e-08	113.20399695912826839	106.61015017973545785	10.32521913470776938
chr2	0	1000000	150	0.82648360264103204464	1	160.84993158964005963	145.32267514619303064	12.054985489256842346
