overlap_count	p-value	mean	variance	standard_deviation	z-score
9205	0.7162709172064520846	9246.055812268611472	5279.2987827839712107	72.658783245963947335	-0.5650495430074799919
