chr_name	begin	end	overlap_count	p-value	p-value_adjusted	mean	variance	standard_deviation	z-score
chr1	0	1000000	150	0.060573803428749642408	0.121147606857499284816	132.29278386566680177	120.677224414378727546	10.985318585019677414
chr2	0	1000000	148	0.7939477611486658315	1	157.25742879513207112	140.35284742158735113	11.847060708107616984
