overlap_count	p-value	mean	variance	standard_deviation	z-score
45	0.6347853750508801	46.23027906141211	24.857893881580726	4.985769136410221	-0.24675812853579485

