chr_name	begin	end	overlap_count	p-value	p-value_adjusted	mean	variance	standard_deviation	z-score
chr1	0	1000000	176	0.004084716488584927245	0.00816943297716985449	144.38394576778064965	131.70271340941496564	11.476180262152340627
chr2	0	1000000	150	0.47439630037698737874	0.9487926007539747575	148.8854140328691671	132.53559301096816306	11.512410391007096263
