chr_name	begin	end	overlap_count	p-value	p-value_adjusted	mean	variance	standard_deviation	z-score
chr1	0	1000000	153	0.70529150057245537653	1	159.0104078671562481	141.58301855257584217	11.898866271732607474
chr2	0	1000000	178	0.038459837433281927888	0.076919674866563855775	156.29748421730528803	140.14984628170433345	11.838490033855852068
