overlap_count	p-value	mean	variance	standard_deviation	z-score
9306	0.20649965898769329087	9246.055812268611327	5273.646926076289948	72.61987968921657438	0.8254514877733936448
