overlap_count	p-value	mean	variance	standard_deviation	z-score
6	0.28833983250145817	4.623027906141145	2.485789204048232	1.57663857749588	0.8733593821139731

