overlap_count	p-value	mean	variance	standard_deviation	z-score
10	0.45260890352778316	9.24605581228286	4.97157840809677	2.229703659255366	0.3381364983582294

