overlap_count	p-value	mean	variance	standard_deviation	z-score
4	0.7593388851452514965	4.6230279061343131555	2.4857892040446409325	1.576638577494741162	-0.39516216019799328373
