overlap_count	p-value	mean	variance	standard_deviation	z-score
928	0.44827268258784747	924.6055774267072	499.7589691288405	22.355289511183713	0.15183979485457585

