chr_name	begin	end	overlap_count	p-value	p-value_adjusted	mean	variance	standard_deviation	z-score
chr1	0	1000000	183	1.1488649280441425753e-05	2.2977298560882851506e-05	133.35925868914419525	123.02787448535970177	11.091793114071308794
chr2	0	1000000	153	0.63401842114558082386	1	156.64661567322468537	138.91242312160190513	11.786111450414929159
