overlap_count	p-value	mean	variance	standard_deviation	z-score
924	0.5194891670221423	924.6055812282907	500.0461261846796	22.36171116405629	-0.027081166725026855

