overlap_count	p-value	mean	variance	standard_deviation	z-score
233	0.45142784684666737	231.15139530707228	124.29799265720595	11.148900961852965	0.16581048654507746

