overlap_count	p-value	mean	variance	standard_deviation	z-score
6	0.28833983250100347906	4.6230279061343131555	2.4857892040446409325	1.576638577494741162	0.8733593821189369572
