overlap_count	p-value	mean	variance	standard_deviation	z-score
230	0.5584031369131266	231.151395307072	124.41590606640982	11.154187826391029	-0.10322538269866403

