overlap_count	p-value	mean	variance	standard_deviation	z-score
1	0.9979798769460015	4.623027906141303	2.4857892040483165	1.5766385774959069	-2.297944473676123

