overlap_count	p-value	mean	variance	standard_deviation	z-score
2329	0.3161180511219018	2311.513953070715	1261.1551254527985	35.51274595765299	0.49238791475421234

