overlap_count	p-value	mean	variance	standard_deviation	z-score
10	0.452608903527765	9.24605581228249	4.971578408096572	2.2297036592553217	0.33813649835840187

