overlap_count	p-value	mean	variance	standard_deviation	z-score
44	0.7072987435493807	46.230279061414535	24.857892040706496	4.985768951797355	-0.4473290044077406

