overlap_count	p-value	mean	variance	standard_deviation	z-score
473	0.25911250500823390652	462.30279061343126448	249.44175272871567113	15.793725106152622636	0.67730755820243558016
