overlap_count	p-value	mean	variance	standard_deviation	z-score
2345	0.17644790789781167	2311.5139530707265	1260.9111922758145	35.509311346121805	0.9430215810966633

