chr_name	begin	end	overlap_count	p-value	p-value_adjusted	mean	variance	standard_deviation	z-score
chr1	0	1000000	179	7.959847479949659006e-06	1.5919694959899318012e-05	129.12698173865711954	119.100534440869756964	10.9133191303502967325
chr2	0	1000000	137	0.9437366278619572224	1	154.85246332663433064	136.56887545450371396	11.686268671158630946
