chr_name	begin	end	overlap_count	p-value	p-value_adjusted	mean	variance	standard_deviation	z-score
chr1	0	1000000	175	7.2584709023166218106e-09	1.4516941804633243621e-08	111.51645702209204261	107.1385251396471342	10.3507741323848398525
chr2	0	1000000	132	0.91731897453196697967	1	147.24510988690119966	130.7875636850093009	11.4362390533343303714
