chr_name	begin	end	overlap_count	p-value	p-value_adjusted	mean	variance	standard_deviation	z-score
chr1	0	1000000	156	0.19433012857597564693	0.38866025715195129386	145.65632188585881729	131.29892672146488021	11.45857437561343755
chr2	0	1000000	178	0.03202286580619172901	0.06404573161238345802	155.55960589719786633	136.74441572980840484	11.693776794937057667
