chr_name	begin	end	overlap_count	p-value	p-value_adjusted	mean	variance	standard_deviation	z-score
chr1	0	1000000	170	7.604561949715724816e-05	0.00015209123899431449631	126.663051717258861334	117.65840870564496326	10.847046082028275557
chr2	0	1000000	138	0.9143131536850281904	1	153.40576474534678039	137.16955886575370163	11.7119408667288660295
