overlap_count	p-value	mean	variance	standard_deviation	z-score
52	0.14530980904327694958	46.230279061343126278	24.857929482508504227	4.9857727066632815194	1.1572370579480844404
