overlap_count	p-value	mean	variance	standard_deviation	z-score
258	0.009190799590531059313	231.15139530671562997	124.52362146385228047	11.159015255113341786	2.4060012536484044403
