overlap_count	p-value	mean	variance	standard_deviation	z-score
53	0.10443640961329768435	46.230279061343127013	24.857892040446406736	4.985768951771271835	1.3578087962242663709
