overlap_count	p-value	mean	variance	standard_deviation	z-score
451	0.7722457328485095	462.3026423536135	249.87653033405925	15.807483364978097	-0.7150184562999338

