overlap_count	p-value	mean	variance	standard_deviation	z-score
12	0.15608700371857182	9.246055812282842	4.97157840809676	2.229703659255364	1.2351166830110825

