chr_name	begin	end	overlap_count	p-value	p-value_adjusted	mean	variance	standard_deviation	z-score
chr1	0	1000000	177	6.1479229640182993786e-05	0.00012295845928036598757	132.13784872924739883	122.83546960185779166	11.083116421018854914
chr2	0	1000000	159	0.77892027959369902756	1	167.95602148980511517	149.75920411341130024	12.237614314620774984
