chr_name	begin	end	overlap_count	p-value	p-value_adjusted	mean	variance	standard_deviation	z-score
chr1	0	1000000	172	1.9088563799425735856e-05	3.8177127598851471712e-05	125.03214248281487054	116.106550240821902224	10.775274949662393753
chr2	0	1000000	167	0.30553661071509774505	0.6110732214301954901	160.51614486361972807	142.75698375002980202	11.94809540261667822
