chr_name	begin	end	overlap_count	p-value	p-value_adjusted	mean	variance	standard_deviation	z-score
chr1	0	1000000	166	5.147989129007841686e-05	0.00010295978258015683372	122.24899502140216159	113.66089196467193132	10.661186236281210904
chr2	0	1000000	158	0.6594082572308781476	1	162.51379599312510046	142.9743022849831856	11.957186219382183128
