chr_name	begin	end	overlap_count	p-value	p-value_adjusted	mean	variance	standard_deviation	z-score
chr1	0	1000000	194	1.4760511529653160964e-15	2.9521023059306321928e-15	105.42731135387845801	101.82642076060990812	10.0909078263855877975
chr2	0	1000000	166	0.23506874658923504473	0.47013749317847008946	157.01670459188746108	139.93345871913974961	11.829347349669792734
