overlap_count	p-value	mean	variance	standard_deviation	z-score
9241	0.5304022058304196374	9246.055812268610986	5278.231618232350615	72.65143920276012409	-0.069589980929364842265
