overlap_count	p-value	mean	variance	standard_deviation	z-score
4580	0.8053096512205296653	4623.0279061343095512	2556.928961336254864	50.56608509007054685	-0.8509242124967029205
