overlap_count	p-value	mean	variance	standard_deviation	z-score
968	0.027683459868603672166	924.6055812268624622	500.5243293490415178	22.372401063565830814	1.9396406603762675163
