chr_name	begin	end	overlap_count	p-value	p-value_adjusted	mean	variance	standard_deviation	z-score
chr1	0	1000000	141	0.9294503487106009487	1	157.88113553955326825	141.96827655441982184	11.915044127254410712
chr2	0	1000000	142	0.953316957973643353	1	161.48739218833712691	145.32087994991121944	12.054911030360664567
