overlap_count	p-value	mean	variance	standard_deviation	z-score
959	0.06488853658543531	924.6055812282884	500.110753683503	22.363156165521517	1.5379948392409521

