overlap_count	p-value	mean	variance	standard_deviation	z-score
86	0.8382091376932342408	92.46055812268625844	49.71587532896226955	7.0509485410802899682	-0.916267943957569058
