chr_name	begin	end	overlap_count	p-value	p-value_adjusted	mean	variance	standard_deviation	z-score
chr1	0	1000000	199	1.8827331423714973229e-16	3.7654662847429946457e-16	107.51778249080301761	102.13314602602638106	10.106094499163679454
chr2	0	1000000	155	0.7186257864303480236	1	161.49424982159962601	142.65810133874145091	11.943956686908298183
