overlap_count	p-value	mean	variance	standard_deviation	z-score
2323	0.37843826482178338777	2311.513953067155627	1261.922693821327212	35.523551255770124818	0.32333611158818709985
