overlap_count	p-value	mean	variance	standard_deviation	z-score
9	0.6285876049523741	9.246055812282705	4.971578408096687	2.2297036592553474	-0.11035359396812414

