overlap_count	p-value	mean	variance	standard_deviation	z-score
450	0.7910012129116513746	462.30279061343126681	249.70261998727751619	15.8019815209130502325	-0.77855999243823963363
