chr_name	begin	end	overlap_count	p-value	p-value_adjusted	mean	variance	standard_deviation	z-score
chr1	0	1000000	172	0.00052248505588871406273	0.0010449701117774281255	133.7515869359263681	123.767819180932606	11.125098614436305571
chr2	0	1000000	167	0.3713294835704347152	0.7426589671408694304	162.667004944109683	144.26495136759085154	12.011034566913495131
