chr_name	begin	end	overlap_count	p-value	p-value_adjusted	mean	variance	standard_deviation	z-score
chr1	0	1000000	184	6.7341138656141787575e-06	1.3468227731228357515e-05	133.11778885138514934	122.13999636172790004	11.05169653771437483
chr2	0	1000000	157	0.59958241040888626827	1	159.6487810276011348	144.11220589578081062	12.004674335265443202
