overlap_count	p-value	mean	variance	standard_deviation	z-score
4612	0.5900379469125019982	4623.027906134309346	2558.8035745371277505	50.584617963736048667	-0.21800908217227649761
