overlap_count	p-value	mean	variance	standard_deviation	z-score
244	0.13420163788788830317	231.15139530671564262	124.44360474655986396	11.155429384230795442	1.1517803798253626878
