chr_name	begin	end	overlap_count	p-value	p-value_adjusted	mean	variance	standard_deviation	z-score
chr1	0	1000000	190	1.1631316256283398716e-08	2.3262632512566797432e-08	125.78178509669909428	115.15241608838880438	10.730909378444531641
chr2	0	1000000	160	0.39249266917392844345	0.7849853383478568869	156.40409550498681311	138.4792371529361199	11.767720134033444964
