chr_name	begin	end	overlap_count	p-value	p-value_adjusted	mean	variance	standard_deviation	z-score
chr1	0	1000000	170	0.00044383199823814232024	0.0008876639964762846405	131.4677810069332245	121.95900434733800264	11.0435050752620203905
chr2	0	1000000	167	0.4119022868544415794	0.8238045737088831588	163.93736607977926999	144.7787010005673197	12.032402129274408509
