chr_name	begin	end	overlap_count	p-value	p-value_adjusted	mean	variance	standard_deviation	z-score
chr1	0	1000000	163	0.47498944227148087727	0.94997888454296175453	161.87244177274354258	142.72665025336143856	11.946825948902136683
chr2	0	1000000	145	0.85459386021674832445	1	156.83432084644441865	136.67914344895554686	11.690985563627882047
