chr_name	begin	end	overlap_count	p-value	p-value_adjusted	mean	variance	standard_deviation	z-score
chr1	0	1000000	184	0.06664640852496160617	0.13329281704992321234	165.22318451054486553	145.82793804535021212	12.075923900279854452
chr2	0	1000000	159	0.47748187794537777506	0.9549637558907555501	157.95536131998604633	139.63047133470912822	11.81653381219336791
