overlap_count	p-value	mean	variance	standard_deviation	z-score
92	0.553459936633226679	92.46055812268624874	49.72536749744898558	7.0516216218291935224	-0.06531237031501128304
