overlap_count	p-value	mean	variance	standard_deviation	z-score
2338	0.23196871554136713756	2311.5139530671556674	1259.5068472289349096	35.48953151605322205	0.74630590490786609105
