overlap_count	p-value	mean	variance	standard_deviation	z-score
28	0.10694853205181302502	23.115139530671565302	12.4291346682463444105	3.5254977901349398536	1.3855803520845391562
