chr_name	begin	end	overlap_count	p-value	p-value_adjusted	mean	variance	standard_deviation	z-score
chr1	0	1000000	197	7.431784741663723597e-15	1.4863569483327447195e-14	110.1014924951197956	104.66089699411608938	10.230390852460920976
chr2	0	1000000	155	0.84344579101895533757	1	166.75277675226152921	147.6267685833186327	12.150175660595143539
