overlap_count	p-value	mean	variance	standard_deviation	z-score
880	0.9783365157644562382	924.60558122686248045	499.3312095884213347	22.345720162671449123	-1.996157693828823404
