chr_name	begin	end	overlap_count	p-value	p-value_adjusted	mean	variance	standard_deviation	z-score
chr1	0	1000000	194	1.9173093969746613332e-15	3.8346187939493226664e-15	106.26357096623254682	101.33004034968483016	10.066282349988243309
chr2	0	1000000	162	0.032184846484265422495	0.06436969296853084499	140.44766013067586562	125.9084534064934728	11.22089360998015491
