overlap_count	p-value	mean	variance	standard_deviation	z-score
2345	0.17644790789689440702	2311.5139530671555996	1260.9111922739069518	35.509311346094941577	0.94302158119793992396
