overlap_count	p-value	mean	variance	standard_deviation	z-score
455	0.6892125580539033569	462.30279061343126598	249.22668654270125471	15.786915041980217571	-0.46258503285865830383
