overlap_count	p-value	mean	variance	standard_deviation	z-score
94	0.44073525028672866366	92.46055812268625363	49.71578861153196361	7.0509423917326089306	0.21833136505536864788
