overlap_count	p-value	mean	variance	standard_deviation	z-score
2293	0.7036804762724091	2311.513953070731	1261.7630382501636	35.52130400548611	-0.521207021788155

