chr_name	begin	end	overlap_count	p-value	p-value_adjusted	mean	variance	standard_deviation	z-score
chr1	0	1000000	139	0.94057845613121005	1	156.70834916583324939	139.0660420819950386	11.792626598090649228
chr2	0	1000000	162	0.4976328051150099574	0.9952656102300199148	161.55032213893987883	142.08079621731656844	11.919764939683859741
