chr_name	begin	end	overlap_count	p-value	p-value_adjusted	mean	variance	standard_deviation	z-score
chr1	0	1000000	191	1.0677792402869545339e-11	2.1355584805739090678e-11	114.7760057554918732	108.777927250133553044	10.4296657305080277935
chr2	0	1000000	165	0.47275241777357068784	0.9455048355471413757	163.79876094977415482	145.45379324604070509	12.0604225981530475175
