overlap_count	p-value	mean	variance	standard_deviation	z-score
89	0.7122233296194290242	92.460558122686253985	49.790469797559789886	7.056236234534653807	-0.49042549139009539126
