overlap_count	p-value	mean	variance	standard_deviation	z-score
244	0.13420163788826364	231.15139530707253	124.44360474674781	11.15542938423922	1.1517803797925004

