overlap_count	p-value	mean	variance	standard_deviation	z-score
9283	0.3078254363090472956	9246.055812268611094	5272.9270747012416223	72.61492322313121899	0.508768529822262071
