overlap_count	p-value	mean	variance	standard_deviation	z-score
2	0.9806112071886737	4.6230279061410835	2.485789204048199	1.5766385774958696	-1.663683702518027

