overlap_count	p-value	mean	variance	standard_deviation	z-score
95	0.38569857092865439396	92.460558122686251285	49.792772075757149895	7.0563993704833026474	0.35987785611117115584
