overlap_count	p-value	mean	variance	standard_deviation	z-score
2347	0.16228458211881169326	2311.513953067155592	1261.3233137903512707	35.515113878324412192	0.9991815612479918187
