chr_name	begin	end	overlap_count	p-value	p-value_adjusted	mean	variance	standard_deviation	z-score
chr1	0	1000000	201	1.1753540049193469371e-16	2.3507080098386938742e-16	108.26513372467382729	103.36496649399371244	10.166856273892815902
chr2	0	1000000	165	0.18641351924935414819	0.37282703849870829638	154.12767961188659493	136.14271109362516747	11.668020873036916515
