overlap_count	p-value	mean	variance	standard_deviation	z-score
248	0.071429927682241559084	231.15139530671561327	124.32382786116065713	11.150059545184530409	1.5110775529948568513
