chr_name	begin	end	overlap_count	p-value	p-value_adjusted	mean	variance	standard_deviation	z-score
chr1	0	1000000	160	0.00020384507973862422948	0.00040769015947724845895	120.30848960042993137	113.30365441535421844	10.644418932724990153
chr2	0	1000000	166	0.1788389066944022221	0.3576778133888044442	154.69023091709258136	138.63960540848865143	11.774532067495873588
