chr_name	begin	end	overlap_count	p-value	p-value_adjusted	mean	variance	standard_deviation	z-score
chr1	0	1000000	184	2.1861719215652431657e-08	4.3723438431304863315e-08	121.692776375518680175	112.59975290265813139	10.611303072792621514
chr2	0	1000000	176	0.2656389247755644445	0.531277849551128889	167.93951379706262693	148.76907490199445998	12.197092887323374811
