overlap_count	p-value	mean	variance	standard_deviation	z-score
231	0.5228309558873314	231.1513953070726	124.42903836395807	11.154776482025898	-0.013572240314858772

