overlap_count	p-value	mean	variance	standard_deviation	z-score
7	0.11697191671560365	4.623027906140667	2.485789204047975	1.5766385774957985	1.507620153272361

