chr_name	begin	end	overlap_count	p-value	p-value_adjusted	mean	variance	standard_deviation	z-score
chr1	0	1000000	169	0.028973721234729979401	0.057947442469459958803	146.38005393194548093	132.13656358734598419	11.495066924004661234
chr2	0	1000000	152	0.79667703415765567243	1	161.46193690192226358	143.02758801799112645	11.959414200452759904
