chr_name	begin	end	overlap_count	p-value	p-value_adjusted	mean	variance	standard_deviation	z-score
chr1	0	1000000	192	3.8130308358546483092e-17	7.6260616717092966184e-17	100.733958817429389114	96.014331909117123384	9.798690316012498789
chr2	0	1000000	165	0.41387251551136255978	0.82774503102272511956	162.00395984267544057	144.40089799730031773	12.016692473276509615
