chr_name	begin	end	overlap_count	p-value	p-value_adjusted	mean	variance	standard_deviation	z-score
chr1	0	1000000	195	1.9538696922276687042e-13	3.9077393844553374085e-13	112.488822795023356	106.98072004153531714	10.343148458836666874
chr2	0	1000000	163	0.6092205397654610888	1	165.95885174760127309	145.71551616682838666	12.071268208718932555
