overlap_count	p-value	mean	variance	standard_deviation	z-score
4637	0.39492636500674943578	4623.0279061343094456	2560.0940535365341053	50.59737200227432865	0.27614267920995017768
