overlap_count	p-value	mean	variance	standard_deviation	z-score
40	0.9119622764145094	46.23027906141317	24.857892041755886	4.985768951902593	-1.2496124713191266

