overlap_count	p-value	mean	variance	standard_deviation	z-score
450	0.7910012129131673	462.30279061414535	249.70261998765486	15.80198152092499	-0.7785599924828409

