chr_name	begin	end	overlap_count	p-value	p-value_adjusted	mean	variance	standard_deviation	z-score
chr1	0	1000000	148	0.4482274088454956673	0.8964548176909913346	146.12964577336269653	132.90981658061079987	11.528651984538816838
chr2	0	1000000	173	0.15021968504524574328	0.30043937009049148656	160.05234853986799265	144.32531785346342787	12.013547263546409666
