chr_name	begin	end	overlap_count	p-value	p-value_adjusted	mean	variance	standard_deviation	z-score
chr1	0	1000000	167	0.027692429246781391505	0.05538485849356278301	144.1406152569710293	132.03372415273016012	11.4905928547107681476
chr2	0	1000000	158	0.32259441648568848438	0.64518883297137696875	152.28241226086364041	133.10532244102183298	11.537127997947402204
