chr_name	begin	end	overlap_count	p-value	p-value_adjusted	mean	variance	standard_deviation	z-score
chr1	0	1000000	158	0.045045043219701555448	0.090090086439403110896	138.18271585571609772	126.6537488121173045	11.254054772041821927
chr2	0	1000000	173	0.15319305194177187945	0.3063861038835437589	160.29912153912171743	142.18888944896514731	11.9242982791007516505
