chr_name	begin	end	overlap_count	p-value	p-value_adjusted	mean	variance	standard_deviation	z-score
chr1	0	1000000	153	0.059448262920838303158	0.118896525841676606317	134.99075482226949417	123.41897930717498822	11.109409494080906739
chr2	0	1000000	148	0.84280381078818711327	1	159.42733744595725942	140.62242563491138043	11.8584326803718618755
