chr_name	begin	end	overlap_count	p-value	p-value_adjusted	mean	variance	standard_deviation	z-score
chr1	0	1000000	175	0.00014109328029671331555	0.0002821865605934266311	132.88004263858274495	121.76046971874860798	11.034512663400618346
chr2	0	1000000	167	0.6464630027479403296	1	171.20712338105072939	150.08201636138652438	12.250796560280744633
