chr_name	begin	end	overlap_count	p-value	p-value_adjusted	mean	variance	standard_deviation	z-score
chr1	0	800000	180	1.0447796728682372429e-06	4.1791186914729489715e-06	126.58125962820526691	112.91302170942130278	10.626053910526771969
chr1	80000	880000	179	4.969648774181614592e-07	1.9878595096726458368e-06	124.276504747673568786	111.022011584572311005	10.536698324644789364
chr1	160000	960000	180	5.1486013872658231137e-08	2.0594405549063292455e-07	121.019603243941435436	108.09872845410973664	10.397053835299196749
chr1	240000	1000000	176	8.236294613436347693e-09	3.2945178453745390772e-08	114.848631973712073606	102.38784591247919636	10.118687954101519597
