overlap_count	p-value	mean	variance	standard_deviation	z-score
9224	0.6218829858958484502	9246.0558122686113585	5273.513554368726118	72.61896139692942564	-0.30371974267238628555
