chr_name	begin	end	overlap_count	p-value	p-value_adjusted	mean	variance	standard_deviation	z-score
chr1	0	800000	178	1.00062375796982516745e-05	4.0024950318793006698e-05	129.7940461791735976	114.997614923558671894	10.72369408942453337
chr1	80000	880000	188	3.5271090189715625344e-07	1.4108436075886250137e-06	131.22218699053585733	116.70192681228861483	10.802866601614990545
chr1	160000	960000	192	1.2436561271262079489e-07	4.9746245085048317955e-07	132.71076631803144733	117.41900264826975427	10.836004921015390268
chr1	240000	1000000	180	4.0967990668675237307e-07	1.6387196267470094923e-06	125.05437595352971876	110.453887891878806383	10.509704462632562837
