chr_name	begin	end	overlap_count	p-value	p-value_adjusted	mean	variance	standard_deviation	z-score
chr1	0	1000000	152	0.57713794815597729837	1	153.9119171414391198	138.34469475268104784	11.762002157484968249
chr2	0	1000000	186	0.039488315387659657374	0.07897663077531931475	164.06390922224964853	145.45820765496467837	12.060605608963617809
