chr_name	begin	end	overlap_count	p-value	p-value_adjusted	mean	variance	standard_deviation	z-score
chr1	0	1000000	154	0.44924081546514843533	0.89848163093029687065	152.13227794398302606	137.25203356886046137	11.715461304142507447
chr2	0	1000000	160	0.17110932197834644031	0.34221864395669288061	148.60340819531774184	131.94345625023778001	11.486664278642332638
