overlap_count	p-value	mean	variance	standard_deviation	z-score
924	0.51948916702072367446	924.6055812268624597	500.04612618392388484	22.361711164039389873	-0.027081166661177296813
