chr_name	begin	end	overlap_count	p-value	p-value_adjusted	mean	variance	standard_deviation	z-score
chr1	0	1000000	156	0.51180549584080292647	1	155.97451286945809336	139.21741801889754926	11.799043097594717628
chr2	0	1000000	179	0.038517495721759137384	0.07703499144351827477	157.39466395178074505	139.08985355221164407	11.793636146338059893
