chr_name	begin	end	overlap_count	p-value	p-value_adjusted	mean	variance	standard_deviation	z-score
chr1	0	1000000	187	0.098795877363967887774	0.19759175472793577555	170.62947507038761964	150.24816960183375723	12.2575760084053224375
chr2	0	1000000	144	0.9454204160395898171	1	162.58271726368200737	144.9144855123381265	12.038043259281722921
