overlap_count	p-value	mean	variance	standard_deviation	z-score
85	0.8706726807403110113	92.460558122686256906	49.720486543343673243	7.0512755259841941057	-1.0580437674281542794
