chr_name	begin	end	overlap_count	p-value	p-value_adjusted	mean	variance	standard_deviation	z-score
chr1	0	1000000	174	1.3913429369062818692e-06	2.7826858738125637384e-06	120.833155594052030525	113.294237255233139684	10.643976571527820668
chr2	0	1000000	144	0.9717668765331307634	1	166.23277516816201574	146.21872820686784335	12.092093623805095372
