overlap_count	p-value	mean	variance	standard_deviation	z-score
880	0.9783365157267474	924.605581211335	499.3312095878977	22.345720162659735	-1.9961576931349947

