overlap_count	p-value	mean	variance	standard_deviation	z-score
935	0.32881914131167694	924.5973337311017	500.2846921384328	22.36704477883551	0.46508899015312416

