chr_name	begin	end	overlap_count	p-value	p-value_adjusted	mean	variance	standard_deviation	z-score
chr1	0	1000000	160	0.53737999431695793184	1	160.74318137266986714	142.50118626491283264	11.937386073379416032
chr2	0	1000000	157	0.17592978862486449709	0.35185957724972899419	145.78016723612547054	133.04816726538885485	11.534650721430140247
