chr_name	begin	end	overlap_count	p-value	p-value_adjusted	mean	variance	standard_deviation	z-score
chr1	0	1000000	157	0.51888451424034942594	1	157.18997575248651599	141.06373745778546021	11.877025614933456908
chr2	0	1000000	136	0.96644792406695045894	1	156.72417965186786956	138.18376567665334738	11.755159108946732899
