overlap_count	p-value	mean	variance	standard_deviation	z-score
21	0.77021642930556999396	23.115139530671565337	12.428951417037031425	3.5254718006299570207	-0.5999592821288818066
