chr_name	begin	end	overlap_count	p-value	p-value_adjusted	mean	variance	standard_deviation	z-score
chr1	0	1000000	175	1.6523320303671642634e-08	3.3046640607343285268e-08	113.018120460190327294	108.015355723310622536	10.39304362173615735
chr2	0	1000000	177	0.5951244803751832846	1	179.67522488056929243	161.17734390360271168	12.695563945867182771
