chr_name	begin	end	overlap_count	p-value	p-value_adjusted	mean	variance	standard_deviation	z-score
chr1	0	1000000	188	0.051408822968700855494	0.10281764593740171099	167.39020044079977514	148.95815790465492799	12.204841576384960516
chr2	0	1000000	149	0.8654714069144801014	1	161.74686383960438972	144.29299590255847288	12.01220195894817916
