chr_name	begin	end	overlap_count	p-value	p-value_adjusted	mean	variance	standard_deviation	z-score
chr1	0	1000000	152	0.6688163183458594174	1	156.76891076078185575	140.02913356991558762	11.833390620186404868
chr2	0	1000000	156	0.5990787987173296081	1	158.60591463900109517	141.77003787617666099	11.906722381754630504
