overlap_count	p-value	mean	variance	standard_deviation	z-score
4629	0.45683639428865441268	4623.0279061343093816	2560.136762965814511	50.597794052367683345	0.11803071611204281418
