overlap_count	p-value	mean	variance	standard_deviation	z-score
9276	0.3425576294010567735	9246.055812268611238	5276.8073864664011294	72.64163672761236132	0.4122179658984260044
