overlap_count	p-value	mean	variance	standard_deviation	z-score
18	0.94548617280992353074	23.115139530671563269	12.428946020228387277	3.5254710352275463387	-1.4509095322467779449
