overlap_count	p-value	mean	variance	standard_deviation	z-score
9	0.6285876049523719	9.246055812282673	4.9715784080966685	2.2297036592553434	-0.11035359396811

