overlap_count	p-value	mean	variance	standard_deviation	z-score
450	0.7912572849374074	462.30279061414535	249.1561571528835	15.784681091263248	-0.7794133149104223

