overlap_count	p-value	mean	variance	standard_deviation	z-score
50	0.25560982012153344	46.23027906141352	24.857892075498818	4.985768955286518	0.7560961954703828

