overlap_count	p-value	mean	variance	standard_deviation	z-score
27	0.16846197679680716	23.115139530706337	12.428946020241483	3.5254710352294034	1.1019408273314248

