chr_name	begin	end	overlap_count	p-value	p-value_adjusted	mean	variance	standard_deviation	z-score
chr1	0	1000000	152	0.009216059136234543148	0.018432118272469086295	125.483852518116431644	116.261876029831525664	10.782480050054881769
chr2	0	1000000	168	0.33262998693255874105	0.6652599738651174821	162.43255011566768446	142.55408745500505333	11.939601645574489322
