chr_name	begin	end	overlap_count	p-value	p-value_adjusted	mean	variance	standard_deviation	z-score
chr1	0	1000000	164	0.024011961691148143994	0.048023923382296287987	140.47419511491172817	131.05734393276318311	11.448027949510045772
chr2	0	1000000	167	0.67720266143795548874	1	172.2690205353309124	152.13554542797287099	12.334323873969455282
