overlap_count	p-value	mean	variance	standard_deviation	z-score
2342	0.19902624523586820438	2311.5139530671556953	1259.2700539458525714	35.486195258802437177	0.8590959585976511941
