chr_name	begin	end	overlap_count	p-value	p-value_adjusted	mean	variance	standard_deviation	z-score
chr1	0	1000000	170	3.908080297288411732e-08	7.816160594576823464e-08	110.919680550823265455	104.363036280654535685	10.215822839138046431
chr2	0	1000000	159	0.74216517781051272173	1	166.4736046059982884	147.78154203890755918	12.156543178013540835
