overlap_count	p-value	mean	variance	standard_deviation	z-score
9	0.62858760495137977475	9.246055812268625018	4.971578408089281136	2.2297036592536868184	-0.11035359396189149166
