chr_name	begin	end	overlap_count	p-value	p-value_adjusted	mean	variance	standard_deviation	z-score
chr1	0	1000000	167	0.10514717824919965483	0.21029435649839930966	151.63494627294723367	139.42200068046640236	11.8077093748307678425
chr2	0	1000000	158	0.7864213714039527403	1	167.20240797136569114	147.91525664496095731	12.162041631443339098
