chr_name	begin	end	overlap_count	p-value	p-value_adjusted	mean	variance	standard_deviation	z-score
chr1	0	1000000	175	0.0020822785772230726319	0.0041645571544461452637	141.09419375974977173	128.56109023289756649	11.338478303233532514
chr2	0	1000000	175	0.03885945757963397973	0.07771891515926795946	153.65721545630639365	136.23251417745766059	11.671868495551929435
