chr_name	begin	end	overlap_count	p-value	p-value_adjusted	mean	variance	standard_deviation	z-score
chr1	0	1000000	151	0.57760710782486202053	1	152.92309098647602682	137.92020398849748	11.743943289564092577
chr2	0	1000000	162	0.54323818096841292036	1	162.92474347387322943	143.99494179158560715	11.999789239465233506
