chr_name	begin	end	overlap_count	p-value	p-value_adjusted	mean	variance	standard_deviation	z-score
chr1	0	1000000	178	0.00032143597596702021442	0.00064287195193404042884	137.92707907842126457	125.501901210615780746	11.20276310606520773
chr2	0	1000000	133	0.94659900735764868074	1	151.09541539205381662	135.98510182369588635	11.661265018157159022
