chr_name	begin	end	overlap_count	p-value	p-value_adjusted	mean	variance	standard_deviation	z-score
chr1	0	1000000	198	1.0443578507886957753e-06	2.0887157015773915506e-06	140.55652212237289281	130.34453373617579154	11.416853057483738655
chr2	0	1000000	154	0.4718790176253752633	0.9437580352507505266	152.80146898935858447	135.89202787272878968	11.65727360375181336
