chr_name	begin	end	overlap_count	p-value	p-value_adjusted	mean	variance	standard_deviation	z-score
chr1	0	1000000	193	4.8391458344910878187e-09	9.6782916689821756375e-09	125.99012244396798275	118.06083395192440148	10.865580240002114194
chr2	0	1000000	171	0.14383298207630090815	0.2876659641526018163	157.94547091242877752	139.10282250067369754	11.7941859617641139485
