chr_name	begin	end	overlap_count	p-value	p-value_adjusted	mean	variance	standard_deviation	z-score
chr1	0	1000000	183	5.59915793423550265e-09	1.11983158684710053e-08	118.25897574565903198	110.713575392584180755	10.522051862283524249
chr2	0	1000000	164	0.17932896578976945112	0.35865793157953890224	152.89946828201495169	133.86889707149121971	11.570172733001492217
