chr_name	begin	end	overlap_count	p-value	p-value_adjusted	mean	variance	standard_deviation	z-score
chr1	0	1000000	156	0.008919952656403759561	0.017839905312807519122	129.04571304492373406	119.06451589349934212	10.911668795078933393
chr2	0	1000000	148	0.7318197559424125531	1	154.8112314482404926	136.91078804805633667	11.700888344397460178
