overlap_count	p-value	mean	variance	standard_deviation	z-score
965	0.03736490096147176282	924.60558122686246585	500.52554931334322325	22.372428328488242656	1.8055446722205268796
