overlap_count	p-value	mean	variance	standard_deviation	z-score
910	0.75024454900304526905	924.6055812268624517	499.93633637713597082	22.359256167796279596	-0.6532230373521398154
