overlap_count	p-value	mean	variance	standard_deviation	z-score
52	0.14530980904357704	46.23027906141425	24.857929482545934	4.985772706667035	1.1572370579329476

