overlap_count	p-value	mean	variance	standard_deviation	z-score
223	0.78082200930137168893	231.15139530671563414	124.461518540193944636	11.156232273496009667	-0.73065844336003997174
