overlap_count	p-value	mean	variance	standard_deviation	z-score
4681	0.12798098651950221005	4623.027906134309493	2559.2332858366327275	50.588865235708072043	1.1459457253208161391
