overlap_count	p-value	mean	variance	standard_deviation	z-score
4	0.7593388851463655	4.623027906141055	2.4857892040481837	1.5766385774958647	-0.39516216020198786

