overlap_count	p-value	mean	variance	standard_deviation	z-score
258	0.009190799590564739	231.1513953070725	124.52362146404037	11.15901525512177	2.4060012536146065

