overlap_count	p-value	mean	variance	standard_deviation	z-score
205	0.9917408871808489623	231.15139530671563847	124.35113370940670895	11.151283948918470122	-2.3451465702522967822
