overlap_count	p-value	mean	variance	standard_deviation	z-score
19	0.9054503815982101189	23.115139530671564157	12.428946020223611327	3.5254710352268689895	-1.1672594922927083914
