overlap_count	p-value	mean	variance	standard_deviation	z-score
53	0.10443640961351941	46.23027906141422	24.85789204048381	4.9857689517750226	1.3578087962089853

