overlap_count	p-value	mean	variance	standard_deviation	z-score
5	0.5275182721750943	4.623027906140565	2.485789204047919	1.5766385774957807	0.23909861095634902

