chr_name	begin	end	overlap_count	p-value	p-value_adjusted	mean	variance	standard_deviation	z-score
chr1	0	1000000	178	7.491107416307303676e-05	0.00014982214832614607351	133.40756124837411631	124.59352136086358468	11.162146807888865277
chr2	0	1000000	168	0.69312133544472653846	1	173.89896189049329131	156.05057597212431711	12.492020491983044979
