chr_name	begin	end	overlap_count	p-value	p-value_adjusted	mean	variance	standard_deviation	z-score
chr1	0	1000000	190	2.244843785568093452e-07	4.489687571136186904e-07	130.46087549241394435	122.25150809447627631	11.0567403919272824854
chr2	0	1000000	146	0.7207530327287133831	1	152.42885343460804219	136.87001420150872583	11.699145874870896994
