chr_name	begin	end	overlap_count	p-value	p-value_adjusted	mean	variance	standard_deviation	z-score
chr1	0	800000	176	1.7981202872965881555e-06	7.192481149186352622e-06	124.67203911542588667	109.65731646254022125	10.4717389416724967
chr1	80000	880000	172	1.787141014856355185e-05	7.14856405942542074e-05	126.10094500786631424	111.09118870607089746	10.539980488884735002
chr1	160000	960000	181	6.232838594033256089e-06	2.4931354376133024357e-05	131.28072886796279063	116.39551410144834187	10.788675270924060113
chr1	240000	1000000	172	6.1388891122081245676e-06	2.455555644883249827e-05	123.570726082325201535	109.891446836614858296	10.4829121353092938294
