overlap_count	p-value	mean	variance	standard_deviation	z-score
2350	0.1421999983781903	2311.5139530707265	1259.0505400380634	35.483102176079015	1.0846302766396478

