chr_name	begin	end	overlap_count	p-value	p-value_adjusted	mean	variance	standard_deviation	z-score
chr1	0	1000000	160	0.13426915113054141426	0.26853830226108282853	146.7604064596976968	132.02014136526934958	11.490001800055096143
chr2	0	1000000	146	0.76759102070183582445	1	154.15651311555785466	138.35658214644611026	11.762507476998520925
