overlap_count	p-value	mean	variance	standard_deviation	z-score
236	0.34798686239740417303	231.1513953067156336	124.41840685094154579	11.154299926527955156	0.43468480543122812874
