overlap_count	p-value	mean	variance	standard_deviation	z-score
239	0.25471847883635873	231.1513953070724	124.29577192139025	11.148801367025527	0.7039864138346916

