overlap_count	p-value	mean	variance	standard_deviation	z-score
212	0.9612502367176393	231.15139530707154	124.33554423113704	11.150584927757693	-1.717523827776697

