overlap_count	p-value	mean	variance	standard_deviation	z-score
19	0.9054503815995787	23.1151395307063	12.428946020241826	3.5254710352294523	-1.1672594923017063

