chr_name	begin	end	overlap_count	p-value	p-value_adjusted	mean	variance	standard_deviation	z-score
chr1	0	1000000	176	0.000103500095011135645647	0.00020700019002227129129	132.80653989399044673	122.400683096182771405	11.06348422045165532
chr2	0	1000000	157	0.51852175947523226895	1	157.16762769442266814	138.20569162083436182	11.756091681372443338
