chr_name	begin	end	overlap_count	p-value	p-value_adjusted	mean	variance	standard_deviation	z-score
chr1	0	1000000	175	4.2685390400378286342e-07	8.5370780800756572685e-07	119.47464617704867835	111.409350484379432084	10.5550627892201300765
chr2	0	1000000	159	0.5762924522371263292	1	160.91845425485538985	142.72554313286137294	11.946779613471630997
