chr_name	begin	end	overlap_count	p-value	p-value_adjusted	mean	variance	standard_deviation	z-score
chr1	0	1000000	164	0.0017606482196230136428	0.0035212964392460272857	130.23605908339191055	122.10856536042129299	11.050274447289591775
chr2	0	1000000	143	0.88570118894936444853	1	156.64673705585497847	139.2063738863497198	11.798575078641900128
