chr_name	begin	end	overlap_count	p-value	p-value_adjusted	mean	variance	standard_deviation	z-score
chr1	0	800000	181	1.3132182604730331104e-06	5.2528730418921324414e-06	127.900674740144095556	113.97295470902357573	10.675811665115846157
chr1	80000	880000	172	3.9569638852026672708e-05	0.00015827855540810669083	127.72594704241166499	113.60714614005430455	10.6586653076290140425
chr1	160000	960000	158	0.0011705085358910778323	0.0046820341435643113293	124.58084848322778645	110.227795910951085985	10.498942609184559496
chr1	240000	1000000	156	0.00022510550499728023332	0.0009004220199891209333	118.290651364860041846	104.64817169676868293	10.229768897524942764
