overlap_count	p-value	mean	variance	standard_deviation	z-score
2295	0.6839288949212195545	2311.5139530671556716	1261.6422837401200295	35.51960421710974005	-0.4649250303076554316
