overlap_count	p-value	mean	variance	standard_deviation	z-score
51	0.1957592133068061	46.23027906141356	24.857898623681148	4.985769611973777	0.9566669360596851

