overlap_count	p-value	mean	variance	standard_deviation	z-score
24	0.45520033133259107938	23.11513953067156288	12.428946020223202042	3.5254710352268109426	0.25099070747903894798
