overlap_count	p-value	mean	variance	standard_deviation	z-score
50	0.2556098199727001	46.23027906141449	24.857892040483964	4.9857689517750385	0.7560961960027064

