overlap_count	p-value	mean	variance	standard_deviation	z-score
2377	0.033601352463049641295	2311.5139530671556707	1259.5550613225725977	35.49021078160247554	1.8451861933373240894
