chr_name	begin	end	overlap_count	p-value	p-value_adjusted	mean	variance	standard_deviation	z-score
chr1	0	1000000	203	1.092833894070050615e-17	2.18566778814010123e-17	107.02691817579776945	102.66430062554346279	10.1323393461502000166
chr2	0	1000000	151	0.78841177259620132123	1	160.12883115352731392	143.19156803859363464	11.966267924402897751
