overlap_count	p-value	mean	variance	standard_deviation	z-score
9414	0.010599731383101383339	9246.05581226861151	5276.239613904575095	72.63772858442487872	2.3120792872286951574
