overlap_count	p-value	mean	variance	standard_deviation	z-score
90	0.6619477348387055038	92.4605581226862542	49.82698121218324841	7.0588229339021706624	-0.3485790967880305045
