overlap_count	p-value	mean	variance	standard_deviation	z-score
475	0.21973587982731743	462.30279061414427	249.1138843047201	15.78334198782755	0.8044690025501625

