chr_name	begin	end	overlap_count	p-value	p-value_adjusted	mean	variance	standard_deviation	z-score
chr1	0	1000000	186	5.3990194774847819798e-18	1.07980389549695639596e-17	93.609953508158017466	91.21926535631922003	9.550877727011231088
chr2	0	1000000	149	0.44064655278820802353	0.88129310557641604706	146.91753348053239146	130.32312063296898323	11.415915234135587397
