overlap_count	p-value	mean	variance	standard_deviation	z-score
467	0.3948893184782741	462.30279061414393	249.2095058050436	15.786370887732353	0.2975483991387969

