chr_name	begin	end	overlap_count	p-value	p-value_adjusted	mean	variance	standard_deviation	z-score
chr1	0	1000000	170	0.040530840216681650323	0.081061680433363300646	149.01681724285116318	134.4540339534721143	11.595431598412890224
chr2	0	1000000	152	0.32082443357838419384	0.6416488671567683877	146.2560594325339733	131.90195057372297448	11.484857446817656277
