chr_name	begin	end	overlap_count	p-value	p-value_adjusted	mean	variance	standard_deviation	z-score
chr1	0	1000000	202	1.05099818656179941895e-11	2.1019963731235988379e-11	123.47873104853413165	116.304542876721587016	10.784458395150012679
chr2	0	1000000	165	0.41123691778101101324	0.8224738355620220265	161.92643962888341741	143.92920568430994344	11.997049874211157226
