overlap_count	p-value	mean	variance	standard_deviation	z-score
470	0.32406197163304750752	462.30279061343127284	249.36946171367981122	15.79143634105776368	0.48742933956906557818
