chr_name	begin	end	overlap_count	p-value	p-value_adjusted	mean	variance	standard_deviation	z-score
chr1	0	1000000	131	0.6726549311437327594	1	135.605727528109725	124.87257070057771467	11.1746396228503814185
chr2	0	1000000	166	0.5240687494134218527	1	166.35368454026451634	146.95763926279394077	12.122608599752527718
