overlap_count	p-value	mean	variance	standard_deviation	z-score
451	0.77224856406739483816	462.30279061343126354	249.87654153367969485	15.8074837192286772524	-0.7150278193664830016
