chr_name	begin	end	overlap_count	p-value	p-value_adjusted	mean	variance	standard_deviation	z-score
chr1	0	1000000	199	1.797928733671828137e-18	3.595857467343656274e-18	102.07109047935167229	98.51164532049289468	9.925303286071055606
chr2	0	1000000	161	0.65810790096320204157	1	165.4715797777561657	143.15604156420338172	11.964783389773647788
