overlap_count	p-value	mean	variance	standard_deviation	z-score
2326	0.34673915622880924	2311.5139530707274	1261.115002222679	35.512181040069606	0.40791769204283623

