chr_name	begin	end	overlap_count	p-value	p-value_adjusted	mean	variance	standard_deviation	z-score
chr1	0	1000000	149	0.15436124307129900357	0.30872248614259800714	137.13055473983507096	124.69251993907616382	11.16658049445201303
chr2	0	1000000	176	0.52535407956122393003	1	176.40213658667390713	152.60040307545798814	12.353153568035086487
