chr_name	begin	end	overlap_count	p-value	p-value_adjusted	mean	variance	standard_deviation	z-score
chr1	0	1000000	162	0.050293173042278448148	0.100586346084556896296	142.6987116565601915	128.18688030889256836	11.321964507491293507
chr2	0	1000000	185	0.22443466710855547452	0.44886933421711094905	175.20375142381070077	152.3355800687406377	12.342430071454350261
