chr_name	begin	end	overlap_count	p-value	p-value_adjusted	mean	variance	standard_deviation	z-score
chr1	0	1000000	210	1.4514130648302275993e-20	2.9028261296604551987e-20	105.65398980576823067	101.054569811857246686	10.052590204114422503
chr2	0	1000000	154	0.7815188215327317778	1	162.81609309431860715	142.1854192103292534	11.924152766982199872
