overlap_count	p-value	mean	variance	standard_deviation	z-score
467	0.39488931847724517699	462.30279061343124997	249.20950580466769855	15.7863708877204484155	0.29754839918416657436
