overlap_count	p-value	mean	variance	standard_deviation	z-score
37	0.9752101077364304	46.23027906141342	24.85789204048338	4.98576895177498	-1.8513250715573883

