overlap_count	p-value	mean	variance	standard_deviation	z-score
5	0.5275182721751513	4.623027906141063	2.485789204048188	1.576638577495866	0.23909861095602006

