overlap_count	p-value	mean	variance	standard_deviation	z-score
2338	0.23196871554248372	2311.513953070723	1259.506847230839	35.48953151608005	0.7463059048067872

