overlap_count	p-value	mean	variance	standard_deviation	z-score
26	0.24895279569543916	23.115139530706625	12.428946020241645	3.5254710352294265	0.8182907873771931

