chr_name	begin	end	overlap_count	p-value	p-value_adjusted	mean	variance	standard_deviation	z-score
chr1	0	1000000	194	1.2864809869110449139e-09	2.5729619738220898279e-09	124.140069146844371065	118.005296672067062184	10.863024287557634941
chr2	0	1000000	149	0.8859001263197434639	1	162.92425710247654201	144.4528749046414406	12.018854974773655226
