overlap_count	p-value	mean	variance	standard_deviation	z-score
459	0.59486837516142843096	462.3027906134312615	249.27249679514169808	15.788365868421649231	-0.20919141606904242239
