overlap_count	p-value	mean	variance	standard_deviation	z-score
9357	0.064143337336092717815	9246.055812268611579	5271.6761065160694923	72.60630899939804468	1.528024069262468961
