overlap_count	p-value	mean	variance	standard_deviation	z-score
91	0.60884079024014547965	92.46055812268625542	49.71585072063793708	7.0509467960436304147	-0.20714354609877241543
