overlap_count	p-value	mean	variance	standard_deviation	z-score
968	0.027683459868747012	924.6055812282908	500.52432934979754	22.37240106358273	1.9396406603109582

