overlap_count	p-value	mean	variance	standard_deviation	z-score
40	0.9119622764131056769	46.23027906134312483	24.857892041719041685	4.9857689518988985823	-1.2496124713060033559
