overlap_count	p-value	mean	variance	standard_deviation	z-score
426	0.9902370705724995448	462.30279061343125332	249.29680579884303765	15.789135688784330593	-2.2992259569482711805
