overlap_count	p-value	mean	variance	standard_deviation	z-score
2295	0.6839288939495624	2311.5139529735106	1261.6422837346977	35.51960421703341	-0.46492502767222227

