overlap_count	p-value	mean	variance	standard_deviation	z-score
9	0.6285876049523227	9.24605581228195	4.971578408096282	2.229703659255257	-0.11035359396779004

