overlap_count	p-value	mean	variance	standard_deviation	z-score
45	0.63468866569044934955	46.230279061343125296	24.893543367158147089	4.9893429795072363904	-0.2465813768258183816
