overlap_count	p-value	mean	variance	standard_deviation	z-score
51	0.19575921330641599116	46.230279061343129546	24.857898623644081352	4.985769611970059869	0.95666693607452497504
