overlap_count	p-value	mean	variance	standard_deviation	z-score
27	0.16846197679649613232	23.11513953067156288	12.428946020223202042	3.5254710352268109426	1.1019408273420986657
