chr_name	begin	end	overlap_count	p-value	p-value_adjusted	mean	variance	standard_deviation	z-score
chr1	0	1000000	192	2.5073971386311529558e-06	5.0147942772623059116e-06	137.68132814927771256	126.36979142938365531	11.241431911877759325
chr2	0	1000000	166	0.4072046529275701876	0.8144093058551403752	162.8128974300346612	142.3259967482540474	11.930045965890242428
