chr_name	begin	end	overlap_count	p-value	p-value_adjusted	mean	variance	standard_deviation	z-score
chr1	0	1000000	155	0.05651828616506697489	0.11303657233013394978	136.52063982620895763	125.8920609221094253	11.220163141510439968
chr2	0	1000000	153	0.68237371435180760315	1	158.22917098530675378	140.98016675545145858	11.873506927418346294
