overlap_count	p-value	mean	variance	standard_deviation	z-score
93	0.4970568488694601661	92.460558122686256656	49.766466249060789	7.054535154711527058	0.07646738806786796945
