overlap_count	p-value	mean	variance	standard_deviation	z-score
3	0.9134114345078961916	4.6230279061343131555	2.4857892040446409325	1.576638577494741162	-1.0294229313564584042
