overlap_count	p-value	mean	variance	standard_deviation	z-score
48	0.3986531903844635072	46.230279061343127013	24.857892040446406736	4.985768951771271835	0.35495446254647483107
