chr_name	begin	end	overlap_count	p-value	p-value_adjusted	mean	variance	standard_deviation	z-score
chr1	0	1000000	182	0.0016501675642559688988	0.0033003351285119377975	146.45802561754726666	134.3696310005972238	11.591791535418380867
chr2	0	1000000	160	0.5005059931850627253	1	159.63874934324282205	141.65552200678455737	11.901912535671926932
