chr_name	begin	end	overlap_count	p-value	p-value_adjusted	mean	variance	standard_deviation	z-score
chr1	0	1000000	159	0.027935460237453465376	0.055870920474906930753	136.70436662126377263	125.82647762836866367	11.217240196606679763
chr2	0	1000000	170	0.18376353720831559158	0.36752707441663118315	158.80518392112755646	141.50197767797106514	11.89546038108534348
