overlap_count	p-value	mean	variance	standard_deviation	z-score
45	0.6346886656915387	46.23027906141444	24.89354336719573	4.989342979511003	-0.2465813768399262

