overlap_count	p-value	mean	variance	standard_deviation	z-score
9	0.6285876049523528	9.246055812282394	4.971578408096519	2.22970365925531	-0.11035359396798657

