overlap_count	p-value	mean	variance	standard_deviation	z-score
2260	0.92873796088786197966	2311.5139530671557107	1258.8244210080196714	35.479915741275650207	-1.4519186979699284445
