overlap_count	p-value	mean	variance	standard_deviation	z-score
497	0.0153116336945581382745	462.3027906134312543	249.67816167781945225	15.801207601883453903	2.1958580800136407443
