overlap_count	p-value	mean	variance	standard_deviation	z-score
2342	0.19902624523687004	2311.5139530707247	1259.2700539477553	35.48619525882925	0.8590959584964274

