chr_name	begin	end	overlap_count	p-value	p-value_adjusted	mean	variance	standard_deviation	z-score
chr1	0	1000000	216	2.5508702967491977778e-23	5.1017405934983955555e-23	104.17592254562057057	99.70168839347771374	9.985073279324379287
chr2	0	1000000	181	0.098919528812404997065	0.19783905762480999413	164.92558972313912141	144.83494676456200953	12.034739164791317135
