overlap_count	p-value	mean	variance	standard_deviation	z-score
475	0.21973587982665207519	462.30279061343125113	249.1138843043441207	15.783341987815638809	0.8044690025959451276
