overlap_count	p-value	mean	variance	standard_deviation	z-score
8	0.7820961797240678637	9.246055812268625018	4.971578408089281136	2.2297036592536868184	-0.5588436862886512135
