overlap_count	p-value	mean	variance	standard_deviation	z-score
2253	0.95173464922611372696	2311.5139530671556993	1261.9868732533272636	35.524454580659324508	-1.6471457129425601386
