overlap_count	p-value	mean	variance	standard_deviation	z-score
50	0.255609819972199781	46.230279061343127013	24.857892040446406736	4.985768951771271835	0.75609619601759144703
