chr_name	begin	end	overlap_count	p-value	p-value_adjusted	mean	variance	standard_deviation	z-score
chr1	0	1000000	175	1.1468417914902419392e-12	2.2936835829804838783e-12	99.9558649010097269	94.404740821244141395	9.7162102087822359645
chr2	0	1000000	158	0.390309511087601535	0.78061902217520307	154.36863458645301754	135.5904178795757207	11.64432985961732882
