chr_name	begin	end	overlap_count	p-value	p-value_adjusted	mean	variance	standard_deviation	z-score
chr1	0	1000000	161	0.43003769465422192475	0.8600753893084438495	158.51470016255175133	143.43787525771232948	11.976555233359562705
chr2	0	1000000	167	0.20983828646098753867	0.41967657292197507735	157.04437181017428155	138.55893324313589818	11.771105863220154481
