overlap_count	p-value	mean	variance	standard_deviation	z-score
427	0.98847896069079776993	462.30279061343125566	249.06611900161273354	15.781828759735442445	-2.2369264773357641892
