chr_name	begin	end	overlap_count	p-value	p-value_adjusted	mean	variance	standard_deviation	z-score
chr1	0	1000000	168	0.0048678790617965169915	0.009735758123593033983	137.83045610577198133	125.41841923998380249	11.199036531772891868
chr2	0	1000000	173	0.5506546793855480182	1	174.20430085833934508	154.6345189266060269	12.435212862134931179
