overlap_count	p-value	mean	variance	standard_deviation	z-score
899	0.87849590048661441166	924.6055812268625078	500.17065970402533384	22.364495516421230776	-1.1449210293190604443
