chr_name	begin	end	overlap_count	p-value	p-value_adjusted	mean	variance	standard_deviation	z-score
chr1	0	600000	148	4.7072405613944234064e-07	3.7657924491155387251e-06	98.98618971248810644	87.71815056533495101	9.365796846255792613
chr1	60000	660000	152	1.6508362223501614991e-07	1.3206689778801291993e-06	100.43087126346485755	89.30339239753308787	9.450047216682734007
chr1	120000	720000	157	7.5664360016822276875e-08	6.05314880134578215e-07	103.0971326041200463	92.09639878189382532	9.596686864845274575
chr1	180000	780000	153	6.443140778914572012e-08	5.1545126231316576095e-07	99.897664755881179104	88.30143924613516933	9.396884550005665007
chr1	240000	840000	147	2.447512056022443909e-07	1.9580096448179551271e-06	97.16323962570193566	85.922419157430126375	9.269434673022412879
chr1	300000	900000	156	4.6954119607008060944e-09	3.7563295685606448756e-08	98.43930468645226391	86.983846416714140894	9.32651308993420868
chr1	360000	960000	156	1.787562553393661537e-08	1.4300500427149292296e-07	100.26225477323842027	88.94420761389741152	9.43102367794172233
chr1	420000	1000000	143	1.5261468291320363718e-06	1.22091746330562909745e-05	96.980944617023379054	85.646844142695382034	9.254558019845971123
