overlap_count	p-value	mean	variance	standard_deviation	z-score
235	0.3815946729762289	231.15139530707222	124.32990209786475	11.150331927699048	0.34515606511832037

