chr_name	begin	end	overlap_count	p-value	p-value_adjusted	mean	variance	standard_deviation	z-score
chr1	0	1000000	185	1.0075895716318779665e-06	2.015179143263755933e-06	129.3596314423230687	121.104747814322154874	11.004760234295073222
chr2	0	1000000	164	0.16890105326963761323	0.33780210653927522646	152.38794117687820495	134.6679986055829822	11.604654178629494265
