overlap_count	p-value	mean	variance	standard_deviation	z-score
9	0.6285876049522968	9.24605581228157	4.971578408096078	2.229703659255211	-0.11035359396762182

