overlap_count	p-value	mean	variance	standard_deviation	z-score
38	0.960749344610081	46.230279061414535	24.857892045056797	4.985768952233627	-1.6507542046703478

