overlap_count	p-value	mean	variance	standard_deviation	z-score
9382	0.031145155824536589068	9246.055812268611337	5276.092127598171176	72.63671335900442003	1.8715630353412228441
