overlap_count	p-value	mean	variance	standard_deviation	z-score
40	0.9119622764201242	46.230279061414265	24.857892040483826	4.985768951775024	-1.2496124713513193

