chr_name	begin	end	overlap_count	p-value	p-value_adjusted	mean	variance	standard_deviation	z-score
chr1	0	1000000	176	0.0005096969174683184606	0.0010193938349366369212	137.25880668202615559	126.61166106792963086	11.252184724218209832
chr2	0	1000000	165	0.56768162214036244073	1	166.69117615852033516	147.64324466651648186	12.150853659990991837
