overlap_count	p-value	mean	variance	standard_deviation	z-score
2344	0.18374015124338999305	2311.5139530671556367	1259.904045209518032	35.49512706287326466	0.91522554279918890026
