overlap_count	p-value	mean	variance	standard_deviation	z-score
89	0.7122233296206731	92.46055812282889	49.790469797634955	7.05623623453998	-0.4904254914099388

