overlap_count	p-value	mean	variance	standard_deviation	z-score
922	0.5550145458632566031	924.60558122686240246	499.86675221383542234	22.357700065387661031	-0.11654066470352858189
