overlap_count	p-value	mean	variance	standard_deviation	z-score
226	0.69352171398281503567	231.15139530671563316	124.36700476895378805	11.151995550974443787	-0.46192587534394347548
