overlap_count	p-value	mean	variance	standard_deviation	z-score
231	0.5228309558862249684	231.1513953067156301	124.429038363770010804	11.154776482017468502	-0.013572240282868360696
