chr_name	begin	end	overlap_count	p-value	p-value_adjusted	mean	variance	standard_deviation	z-score
chr1	0	1000000	165	2.8447017893806672806e-05	5.689403578761334561e-05	119.884331353159656074	111.95069657378519488	10.580675619911291604
chr2	0	1000000	158	0.41906485229330558973	0.83812970458661117945	155.22147602948000365	137.80784980079809239	11.739158819983572076
