overlap_count	p-value	mean	variance	standard_deviation	z-score
9	0.6285876049523881	9.246055812282911	4.971578408096798	2.2297036592553723	-0.11035359396821533

