overlap_count	p-value	mean	variance	standard_deviation	z-score
78	0.9834674141136655612	92.4605581226862501	49.715784126108715165	7.050942073659995341	-2.0508689436984807507
