overlap_count	p-value	mean	variance	standard_deviation	z-score
927	0.46600272221018873564	924.60558122686245647	499.5155817837981016	22.349845229526715934	0.107133572897151026286
