overlap_count	p-value	mean	variance	standard_deviation	z-score
98	0.23723087706781359474	92.46055812268625136	49.744887305816570623	7.053005551239596935	0.78540160461665413214
