chr_name	begin	end	overlap_count	p-value	p-value_adjusted	mean	variance	standard_deviation	z-score
chr1	0	1000000	194	1.134075852861955374e-09	2.268151705723910748e-09	124.443442065623487806	116.5494444147419025	10.7958067977683771855
chr2	0	1000000	155	0.69696893512429103357	1	160.69935381287818527	140.421237979526021	11.849946750071327683
