chr_name	begin	end	overlap_count	p-value	p-value_adjusted	mean	variance	standard_deviation	z-score
chr1	0	1000000	192	8.291237363780042118e-14	1.6582474727560084236e-13	109.106612831765563916	104.11889244767299422	10.2038665439956139315
chr2	0	1000000	175	0.41555766923100284638	0.83111533846200569275	171.97953734820169547	153.13876558069289512	12.37492487171913683
