chr_name	begin	end	overlap_count	p-value	p-value_adjusted	mean	variance	standard_deviation	z-score
chr1	0	1000000	167	0.01775358056196514947	0.03550716112393029894	142.19336684151765521	128.9385745898942694	11.355112266723489748
chr2	0	1000000	154	0.80443388935052828614	1	163.87088881107425062	145.34839955073010202	12.056052403284007873
