overlap_count	p-value	mean	variance	standard_deviation	z-score
85	0.8706726807417242	92.46055812282857	49.72048654341857	7.051275525989505	-1.0580437674475405

