overlap_count	p-value	mean	variance	standard_deviation	z-score
95	0.385698570929429	92.46055812282908	49.79277207583242	7.056399370488636	0.3598778560906575

