chr_name	begin	end	overlap_count	p-value	p-value_adjusted	mean	variance	standard_deviation	z-score
chr1	0	1000000	163	0.0012623557467251588643	0.0025247114934503177286	128.44674648221138398	119.22529330747112331	10.919033533581217247
chr2	0	1000000	141	0.9006517292880690251	1	155.50320229584928987	137.79333679955758428	11.73854065885353503
