chr_name	begin	end	overlap_count	p-value	p-value_adjusted	mean	variance	standard_deviation	z-score
chr1	0	1000000	154	0.0007049415109557049912	0.0014098830219114099824	118.75228021519708828	110.2930680721642093	10.5020506603312578624
chr2	0	1000000	127	0.95916411015291003217	1	146.05631666427075105	129.56352732867586115	11.382597565084863403
