overlap_count	p-value	mean	variance	standard_deviation	z-score
473	0.25917316079767799275	462.30279061343125338	249.58677321123511801	15.798315518156836648	0.6771107574269267635
