overlap_count	p-value	mean	variance	standard_deviation	z-score
10	0.4526089035277824	9.246055812282844	4.97157840809676	2.229703659255364	0.33813649835823695

