overlap_count	p-value	mean	variance	standard_deviation	z-score
933	0.3617985137553663133	924.60558122686247207	499.65175391712276706	22.352891399483932692	0.37554062349765329117
