overlap_count	p-value	mean	variance	standard_deviation	z-score
19	0.905450381599595	23.11513953070663	12.428946020241657	3.5254710352294283	-1.1672594923018078

