overlap_count	p-value	mean	variance	standard_deviation	z-score
9230	0.59006710610885981794	9246.0558122686113	5277.2662937864973274	72.64479536612720976	-0.22101806726401487633
