overlap_count	p-value	mean	variance	standard_deviation	z-score
2345	0.17656453559644294526	2311.5139530671556534	1262.1342969927295278	35.526529481399242466	0.9425645404056920649
