chr_name	begin	end	overlap_count	p-value	p-value_adjusted	mean	variance	standard_deviation	z-score
chr1	0	1000000	191	7.33353202476209168e-15	1.466706404952418336e-14	105.34246372739030969	101.008771090658583246	10.050311989717462659
chr2	0	1000000	167	0.5807003733423782288	1	169.12560604704889788	151.26296199072855816	12.298900844820587388
