overlap_count	p-value	mean	variance	standard_deviation	z-score
2253	0.9517346492277994	2311.5139530707256	1261.9868732552352	35.524454580686175	-1.647145713041807

