chr_name	begin	end	overlap_count	p-value	p-value_adjusted	mean	variance	standard_deviation	z-score
chr1	0	1000000	197	1.0715211338300699427e-12	2.1430422676601398854e-12	116.05635055304782941	110.6376474957788029	10.518443206852371597
chr2	0	1000000	140	0.94835677366836568236	1	158.71709490329476423	142.28771916656036536	11.928441606788389076
