chr_name	begin	end	overlap_count	p-value	p-value_adjusted	mean	variance	standard_deviation	z-score
chr1	0	1000000	178	0.01877938798375815288	0.03755877596751630576	152.53315574898674592	139.27189290884581216	11.801351317067287959
chr2	0	1000000	169	0.21217558346830400762	0.42435116693660801523	159.05485883616438739	141.12097205547588416	11.879434837376561163
