chr_name	begin	end	overlap_count	p-value	p-value_adjusted	mean	variance	standard_deviation	z-score
chr1	0	1000000	180	0.08560031495850888017	0.17120062991701776034	162.86490621712755866	145.90295202850196639	12.079029432388264795
chr2	0	1000000	157	0.5820347328581112478	1	159.07925270030998831	141.14489757543340585	11.880441808932587245
