chr_name	begin	end	overlap_count	p-value	p-value_adjusted	mean	variance	standard_deviation	z-score
chr1	0	1000000	172	0.020099120209858187952	0.040198240419716375904	147.27783212752510796	134.67168270918331155	11.604812911425298439
chr2	0	1000000	169	0.23377768347251709491	0.46755536694503418982	159.91912353891184136	141.42199761961978034	11.892098116800911273
