overlap_count	p-value	mean	variance	standard_deviation	z-score
98	0.23723087706832702	92.46055812282891	49.74488730589165	7.05300555124492	0.7854016045958342

