overlap_count	p-value	mean	variance	standard_deviation	z-score
497	0.015311629700040612	462.30278897917384	249.67816155492628	15.801207597994727	2.1958581839801568

