overlap_count	p-value	mean	variance	standard_deviation	z-score
243	0.1544675390562752	231.15139530707282	124.40073442495346	11.153507718424436	1.062320930065303

