chr_name	begin	end	overlap_count	p-value	p-value_adjusted	mean	variance	standard_deviation	z-score
chr1	0	1000000	199	6.935799675808002782e-20	1.3871599351616005564e-19	98.87573954708222674	95.793826523232776714	9.787432069916642681
chr2	0	1000000	149	0.70663868266252527484	1	154.98718145738347575	138.530186440267429	11.769884725020352934
