overlap_count	p-value	mean	variance	standard_deviation	z-score
92	0.5534599366342604	92.46055812282904	49.72536749752415	7.0516216218345225	-0.06531237033521162

