overlap_count	p-value	mean	variance	standard_deviation	z-score
473	0.2591731607984345	462.30279061414564	249.58677321161244	15.798315518168778	0.6771107573811961

